,year,country_code,gdpgr,opengr
0,1960,AUS,,
1,1961,AUS,0.04083070531487465,-0.03025227765116545
2,1962,AUS,5.465480327606201,0.009650209566887558
3,1963,AUS,6.1413726806640625,0.06964982577097278
4,1964,AUS,6.200314521789551,-0.007824020916141539
5,1965,AUS,5.02009391784668,-0.014734749894186772
6,1966,AUS,2.930572032928467,-0.04544262522027709
7,1967,AUS,7.191318988800049,-0.00024146301167915496
8,1968,AUS,5.337810516357422,-0.05573758969189957
9,1969,AUS,6.213651657104492,0.035807699465084
10,1970,AUS,6.954851150512695,-0.02310988212457854
11,1971,AUS,3.8875322341918945,-0.02883186401681015
12,1972,AUS,2.277012825012207,0.015330426720850499
13,1973,AUS,4.353259563446045,0.046723460858357324
14,1974,AUS,1.622249960899353,0.10003495445684507
15,1975,AUS,2.482210636138916,-0.07276547759119001
16,1976,AUS,3.8380930423736572,0.0656626947120682
17,1977,AUS,1.486143708229065,-0.015768148333390797
18,1978,AUS,2.01753830909729,0.051567383677664
19,1979,AUS,4.5815749168396,0.09012582656032952
20,1980,AUS,2.7149717807769775,-0.021739432846995865
21,1981,AUS,4.181880950927734,-0.04053865733828188
22,1982,AUS,-0.35642901062965393,-0.03775184446334945
23,1983,AUS,-0.1891973465681076,-0.022230779104094434
24,1984,AUS,6.544863700866699,0.1391271320678762
25,1985,AUS,5.1742844581604,0.015360853761820614
26,1986,AUS,1.5923532247543335,-0.016125712826057015
27,1987,AUS,5.554629802703857,-0.0003792888011981965
28,1988,AUS,4.287199020385742,-0.015100375801486154
29,1989,AUS,4.374363899230957,0.006535192115776134
30,1990,AUS,1.3647315502166748,0.0024482885572079116
31,1991,AUS,-1.303029179573059,0.02583639099364854
32,1992,AUS,3.013415813446045,0.07083982968858238
33,1993,AUS,4.088542461395264,0.02818321996487594
34,1994,AUS,4.73602294921875,0.03369050021275388
35,1995,AUS,3.083036422729492,0.016694202118616275
36,1996,AUS,4.041154861450195,-0.006718088882152418
37,1997,AUS,4.153486251831055,0.05241313088627364
38,1998,AUS,4.996291637420654,-0.022817573956655846
39,1999,AUS,4.108046054840088,0.04830688025269092
40,2000,AUS,3.4110922813415527,0.08128264652551209
41,2001,AUS,2.6128432750701904,-0.06330489145998042
42,2002,AUS,4.106041431427002,-0.030343461691292428
43,2003,AUS,2.733649730682373,-0.07830158373818763
44,2004,AUS,4.058782577514648,0.0580878769112847
45,2005,AUS,2.991612672805786,0.058993575417999766
46,2006,AUS,2.7848589420318604,0.011375817752491857
47,2007,AUS,4.383744716644287,0.019479879499044506
48,2008,AUS,2.53267502784729,0.06842139592525132
49,2009,AUS,1.872598648071289,-0.11225558149158688
50,2010,AUS,2.466369152069092,0.0309840904324008
51,2011,AUS,2.669588327407837,0.031186380274973224
52,2012,AUS,3.92798113822937,-0.04651503404711055
53,2013,AUS,2.2219111919403076,0.031649059761716725
54,2014,AUS,2.5435967445373535,-0.02424761947259091
55,2015,AUS,2.509394645690918,-0.018675541351695024
56,2016,AUS,2.6044788360595703,0.02750697975814953
57,2017,AUS,,0.031835890365376374
58,1960,AUT,,
59,1961,AUT,5.311999797821045,-0.03360217575427282
60,1962,AUT,2.3974993228912354,0.013460115283535412
61,1963,AUT,4.078983783721924,0.017226724062923804
62,1964,AUT,6.037744522094727,0.00948302246979682
63,1965,AUT,2.858076810836792,0.024953712423230412
64,1966,AUT,5.6429338455200195,0.014461275865683465
65,1967,AUT,3.007683277130127,-0.012779662519035062
66,1968,AUT,4.472424507141113,0.014448420611961943
67,1969,AUT,6.276144027709961,0.07531423739224774
68,1970,AUT,7.122812747955322,0.10113952880153887
69,1971,AUT,5.113129138946533,-0.008748023847442554
70,1972,AUT,6.207860946655273,-0.0015529472253550392
71,1973,AUT,4.887300491333008,0.002961543037592884
72,1974,AUT,3.9437503814697266,0.09385252388956977
73,1975,AUT,-0.362303227186203,-0.04983570802513371
74,1976,AUT,4.57700252532959,0.058607791321173996
75,1977,AUT,5.079980850219727,0.006030247538732381
76,1978,AUT,-0.21065348386764526,-0.010113211228252372
77,1979,AUT,5.3566999435424805,0.06115892289986635
78,1980,AUT,1.731485366821289,0.055400252885392076
79,1981,AUT,-0.14429450035095215,0.023517243020240386
80,1982,AUT,2.01125431060791,-0.06256792192003846
81,1983,AUT,2.973088026046753,-0.025655238413702874
82,1984,AUT,0.051275234669446945,0.06567451303924399
83,1985,AUT,2.49867844581604,0.0526946973045892
84,1986,AUT,2.3013927936553955,-0.08659084436261155
85,1987,AUT,1.3571679592132568,-0.018134456827036405
86,1988,AUT,3.2958803176879883,0.059007158365939505
87,1989,AUT,3.8870747089385986,0.05973043400530775
88,1990,AUT,4.345641613006592,0.013467991033531357
89,1991,AUT,3.4416275024414062,-0.020142716920248716
90,1992,AUT,2.093524694442749,-0.034522273171121554
91,1993,AUT,0.5268094539642334,-0.06454397497448261
92,1994,AUT,2.402118682861328,0.043025967734159565
93,1995,AUT,2.6679837703704834,0.03439324267822719
94,1996,AUT,2.3983142375946045,0.02676766788852647
95,1997,AUT,2.2887542247772217,0.0682615508006359
96,1998,AUT,3.5193934440612793,0.02750799443658547
97,1999,AUT,3.3740851879119873,0.017327952484916143
98,2000,AUT,3.8091959953308105,0.09072766800570498
99,2001,AUT,1.1437489986419678,0.025493758822874746
100,2002,AUT,1.491016149520874,-0.006722783345857519
101,2003,AUT,0.9870256185531616,-0.006449704461865213
102,2004,AUT,2.5072669982910156,0.05099078129236001
103,2005,AUT,2.397030830383301,0.03570202067707484
104,2006,AUT,3.754894733428955,0.04311747019502876
105,2007,AUT,3.6756434440612793,0.02696539475499171
106,2008,AUT,0.9694077968597412,0.013306423992860417
107,2009,AUT,-3.4497551918029785,-0.14706501282896578
108,2010,AUT,1.8258436918258667,0.13734509212548307
109,2011,AUT,3.03547739982605,0.06143215801284185
110,2012,AUT,0.5701034069061279,0.0004700160224084815
111,2013,AUT,0.00606216536834836,-0.010325984620388251
112,2014,AUT,0.9132967591285706,-0.00540904653182972
113,2015,AUT,1.0696921348571777,-0.010370663793977997
114,2016,AUT,1.4950299263000488,-0.013942190820862232
115,2017,AUT,,0.03340329894457539
116,1960,BEL,,
117,1961,BEL,4.9740118980407715,0.02564086743702987
118,1962,BEL,5.181514739990234,-0.0020725545932650524
119,1963,BEL,4.40404748916626,0.029470155521861274
120,1964,BEL,6.94762659072876,0.030422534268710555
121,1965,BEL,3.5861451625823975,-0.00015735809425410086
122,1966,BEL,3.1069936752319336,0.012245956255143131
123,1967,BEL,3.868788957595825,-0.012097673351589622
124,1968,BEL,4.172230243682861,0.06595843036127391
125,1969,BEL,6.623164176940918,0.07448173372915079
126,1970,BEL,6.1919941902160645,0.028811657086765807
127,1971,BEL,3.753021478652954,-0.024424234468792272
128,1972,BEL,5.255646705627441,-0.0043594366270134355
129,1973,BEL,6.12232780456543,0.10484351146482229
130,1974,BEL,4.199634075164795,0.11824498040317288
131,1975,BEL,-1.3270002603530884,-0.13058591828571098
132,1976,BEL,5.6527509689331055,0.05782226814890268
133,1977,BEL,0.6261354684829712,-0.011726238688211321
134,1978,BEL,2.8419127464294434,-0.03516454359427368
135,1979,BEL,2.3410580158233643,0.10034369473752558
136,1980,BEL,4.479501247406006,0.014628336128420072
137,1981,BEL,-0.2792836129665375,0.06950668920021852
138,1982,BEL,0.5949869155883789,0.06988083280858581
139,1983,BEL,0.31184273958206177,0.02089115431828259
140,1984,BEL,2.4663827419281006,0.06507348788171652
141,1985,BEL,1.6517928838729858,-0.03396356562837821
142,1986,BEL,1.822762131690979,-0.09326929254501137
143,1987,BEL,2.306659460067749,-0.021427046691050555
144,1988,BEL,4.723208904266357,0.059156450264697735
145,1989,BEL,3.4691667556762695,0.07313955792623572
146,1990,BEL,3.1374025344848633,-0.027757013641432793
147,1991,BEL,1.8330743312835693,-0.02369500794975854
148,1992,BEL,1.530654788017273,-0.02970874875119789
149,1993,BEL,-0.9618731141090393,-0.05265475762088745
150,1994,BEL,3.226971387863159,0.03869809808903191
151,1995,BEL,2.3847572803497314,0.027782992804449513
152,1996,BEL,1.5897997617721558,0.022064488872959753
153,1997,BEL,3.7102882862091064,0.05341855546454721
154,1998,BEL,1.9761583805084229,-0.007093538704492475
155,1999,BEL,3.562751531600952,0.0041519380974941456
156,2000,BEL,3.6405158042907715,0.13776036878252085
157,2001,BEL,0.8056370615959167,-0.016902574513163238
158,2002,BEL,1.7797075510025024,-0.025737141703528366
159,2003,BEL,0.7743829488754272,-0.023197797001144882
160,2004,BEL,3.633699417114258,0.03066513221047318
161,2005,BEL,2.099342107772827,0.05394383031774996
162,2006,BEL,2.506814479827881,0.03011448204095246
163,2007,BEL,3.4445693492889404,0.023492507138074048
164,2008,BEL,0.7812884449958801,0.05123257186253816
165,2009,BEL,-2.2503573894500732,-0.14191410003643612
166,2010,BEL,2.7440788745880127,0.10812368726752175
167,2011,BEL,1.79853355884552,0.07712431882949211
168,2012,BEL,0.23439405858516693,0.007626861939237006
169,2013,BEL,0.20072612166404724,-0.010832037562120811
170,2014,BEL,1.2933419942855835,0.015286779691108032
171,2015,BEL,1.4271305799484253,-0.02748296279745277
172,2016,BEL,1.4119247198104858,0.02462103239018054
173,2017,BEL,,0.03828886467831216
174,1990,BGR,,
175,1991,BGR,,-0.09356804081950931
176,1992,BGR,-7.251865386962891,0.1860423503391182
177,1993,BGR,-1.4803402423858643,-0.165401439539287
178,1994,BGR,1.8178335428237915,0.09698360998085831
179,1995,BGR,2.8603501319885254,9.490970373304819e-05
180,1996,BGR,1.5667541027069092,0.43540467169997976
181,1997,BGR,-1.088714599609375,-0.16261555620285761
182,1998,BGR,3.462838888168335,-0.09432536484995557
183,1999,BGR,-6.689773082733154,0.14917983616938146
184,2000,BGR,5.052088737487793,-0.1392213055683178
185,2001,BGR,3.770242691040039,0.017792973417380065
186,2002,BGR,5.9376420974731445,-0.04810479638708609
187,2003,BGR,5.1561784744262695,0.0497148935727032
188,2004,BGR,6.43546724319458,0.17777799267342598
189,2005,BGR,7.1234869956970215,0.07161464359130143
190,2006,BGR,6.874305248260498,0.11306716923606608
191,2007,BGR,7.344404697418213,0.10488307685155873
192,2008,BGR,6.02181339263916,0.010137387533173614
193,2009,BGR,-3.586069107055664,-0.25554748331730004
194,2010,BGR,1.3240060806274414,0.11045812885795403
195,2011,BGR,1.9150139093399048,0.14102504476431887
196,2012,BGR,0.030943606048822403,0.059564205770961776
197,2013,BGR,0.8620861768722534,0.04338801247671853
198,2014,BGR,1.3288484811782837,0.004509556018809313
199,2015,BGR,3.617445468902588,-0.020769659566300724
200,2016,BGR,3.941133975982666,-0.03449369090223342
201,2017,BGR,,0.06010895815236994
202,1960,CAN,,
203,1961,CAN,3.059,0.01987295239524478
204,1962,CAN,7.413845062255859,-0.005293187598817695
205,1963,CAN,5.332294464111328,-0.0030761849823230936
206,1964,CAN,6.620818138122559,0.04830007035297945
207,1965,CAN,6.277039527893066,-0.002826279066844295
208,1966,CAN,6.668352127075195,0.039105687514574994
209,1967,CAN,3.031031370162964,0.02273951758266546
210,1968,CAN,4.931023597717285,0.041979571818887784
211,1969,CAN,4.995739936828613,0.029315195140975803
212,1970,CAN,2.877365827560425,-0.007009360399169329
213,1971,CAN,3.9335546493530273,-0.01999257677984778
214,1972,CAN,5.473021030426025,0.02880864924050841
215,1973,CAN,6.853237152099609,0.05924765093531548
216,1974,CAN,3.2611083984375,0.08751921030921705
217,1975,CAN,1.3948414325714111,-0.046386416442954825
218,1976,CAN,5.865121841430664,-0.03454747917511003
219,1977,CAN,3.397675037384033,0.03403324869682889
220,1978,CAN,3.74208927154541,0.06839254163105668
221,1979,CAN,3.6450483798980713,0.06995456819494916
222,1980,CAN,2.139657735824585,0.0208997142420404
223,1981,CAN,3.4791862964630127,-0.022166541673132145
224,1982,CAN,-3.201963186264038,-0.10576996509622039
225,1983,CAN,2.5984747409820557,0.0018732888536308057
226,1984,CAN,5.925385475158691,0.12390407075802168
227,1985,CAN,4.734084129333496,0.007379338956213122
228,1986,CAN,2.161816120147705,0.0041683912790482225
229,1987,CAN,4.096465587615967,-0.04168231056316707
230,1988,CAN,4.429429054260254,0.009696899166441675
231,1989,CAN,2.323922634124756,-0.025579233360882192
232,1990,CAN,0.15434612333774567,-0.001644178182640621
233,1991,CAN,-2.1256933212280273,-0.015309094817122393
234,1992,CAN,0.8829764723777771,0.07144758920761074
235,1993,CAN,2.6552624702453613,0.10485010181638144
236,1994,CAN,4.493500232696533,0.10564705429902155
237,1995,CAN,2.677708387374878,0.0729701165931762
238,1996,CAN,1.611001968383789,0.01739688437037379
239,1997,CAN,4.279882431030273,0.058116336799502566
240,1998,CAN,3.8817148208618164,0.0507331714190995
241,1999,CAN,5.163190841674805,0.026037998256115635
242,2000,CAN,5.182732105255127,0.033216720213931294
243,2001,CAN,1.7707812786102295,-0.053723533097032816
244,2002,CAN,3.010035991668701,-0.0340996746180664
245,2003,CAN,1.8022736310958862,-0.07776364473518638
246,2004,CAN,3.085979461669922,0.004826652295476741
247,2005,CAN,3.2013821601867676,-0.006706986479872223
248,2006,CAN,2.6233959197998047,-0.024797930278145808
249,2007,CAN,2.0627641677856445,-0.026318309520618755
250,2008,CAN,1.0003609657287598,0.011061601969058366
251,2009,CAN,-2.9495718479156494,-0.12814476909185202
252,2010,CAN,3.083465099334717,0.029349985535125134
253,2011,CAN,3.1412200927734375,0.03776009494385346
254,2012,CAN,1.7455185651779175,0.0010985315583553756
255,2013,CAN,2.4750163555145264,-0.006790376416351163
256,2014,CAN,2.8557090759277344,0.03362892775178006
257,2015,CAN,1.0009251832962036,0.0
258,2016,CAN,1.4140739440917969,0.012039646236750023
259,2017,CAN,,-0.005744826833029126
260,2000,HRV,3.7674741744995117,
261,2001,HRV,3.4344124794006348,0.0629508711434974
262,2002,HRV,5.246502876281738,0.02975244660199472
263,2003,HRV,5.5579047203063965,0.023381470607065635
264,2004,HRV,4.082781791687012,-0.0019624017948128847
265,2005,HRV,4.163717746734619,-0.0020261220144601744
266,2006,HRV,4.785265922546387,0.015230419593398992
267,2007,HRV,5.150004863739014,-0.010700576996562683
268,2008,HRV,2.053358793258667,-0.0029207636812018656
269,2009,HRV,-7.383787155151367,-0.14480226710715316
270,2010,HRV,-1.4204516410827637,0.040863911353852256
271,2011,HRV,-0.32595333456993103,0.0716242357726169
272,2012,HRV,-2.244696617126465,0.018776779890870232
273,2013,HRV,-0.6480278968811035,0.02956866855502116
274,2014,HRV,-0.09618950635194778,0.04231743421130019
275,2015,HRV,2.3473598957061768,0.059596975016386944
276,2016,HRV,3.165402889251709,0.008388693377996859
277,2017,HRV,,0.055254728690307786
278,1976,CYP,,
279,1977,CYP,,0.02691618618455016
280,1978,CYP,,-0.09007612717657809
281,1979,CYP,,0.03111440995672088
282,1980,CYP,,-0.0009360617281813921
283,1981,CYP,,0.04998471731019327
284,1982,CYP,,0.013978656245303034
285,1983,CYP,,-0.006841372477642715
286,1984,CYP,,0.06494951708710572
287,1985,CYP,,-0.1154964976241799
288,1986,CYP,,-0.1282062939470785
289,1987,CYP,,0.04073442367481794
290,1988,CYP,,0.042600525109999676
291,1989,CYP,,0.09397113495328169
292,1990,CYP,,-0.02514704590209693
293,1991,CYP,0.7400866746902466,-0.04063111168253808
294,1992,CYP,9.686333656311035,0.056341423819672
295,1993,CYP,0.7007453441619873,-0.1349317003499998
296,1994,CYP,5.898769378662109,0.006911780492193209
297,1995,CYP,9.923919677734375,0.008959748700596348
298,1996,CYP,1.3332644701004028,0.048075327537724144
299,1997,CYP,2.5650904178619385,-0.007714595466521534
300,1998,CYP,5.235073089599609,-0.03473086282307292
301,1999,CYP,4.829394817352295,-0.027417700201320616
302,2000,CYP,5.723663806915283,0.04789867868604847
303,2001,CYP,3.601186752319336,-0.041064736125142054
304,2002,CYP,3.399068832397461,-0.06225459598070204
305,2003,CYP,2.4756550788879395,-0.07792822266454325
306,2004,CYP,4.570450782775879,-0.0008938157423845627
307,2005,CYP,3.724005699157715,-0.017443682689851192
308,2006,CYP,4.510365009307861,-0.018856865099788456
309,2007,CYP,4.8208723068237305,0.01337535881332963
310,2008,CYP,3.8639416694641113,0.015014140629844519
311,2009,CYP,-1.7729238271713257,-0.08981298994739073
312,2010,CYP,1.318007469177246,0.04755850578491816
313,2011,CYP,0.32119986414909363,0.009149333880578592
314,2012,CYP,-3.058337450027466,-0.005031460430158452
315,2013,CYP,-5.933713436126709,0.07173997081274841
316,2014,CYP,-1.403913974761963,0.05549735689889945
317,2015,CYP,1.9791162014007568,0.05318432283065455
318,2016,CYP,3.396970272064209,0.006578773732101473
319,2017,CYP,,0.030106215041308504
320,1990,CZE,,
321,1991,CZE,-14.215,0.12243084117437153
322,1992,CZE,-6.387,0.1016062104831923
323,1993,CZE,-0.939,0.0030350419645726046
324,1994,CZE,2.62,-0.043406945915040684
325,1995,CZE,5.938,0.10826189524433283
326,1996,CZE,4.161125659942627,-0.028627464629579547
327,1997,CZE,-0.6206791400909424,0.04394117992089153
328,1998,CZE,-0.3172992765903473,-0.004532045390510442
329,1999,CZE,1.265753984451294,0.01856967542624699
330,2000,CZE,4.620732307434082,0.13878618730890158
331,2001,CZE,2.89687442779541,0.010962188720057053
332,2002,CZE,1.5638833045959473,-0.07838064999918959
333,2003,CZE,3.5987744331359863,0.03812261413397433
334,2004,CZE,4.748508453369141,0.19842193670065433
335,2005,CZE,6.607540130615234,0.07154756855068523
336,2006,CZE,7.04420804977417,0.04603684947707376
337,2007,CZE,5.588279724121094,0.021471020312224587
338,2008,CZE,2.5048341751098633,-0.04666690700291232
339,2009,CZE,-4.65516996383667,-0.08686221123705429
340,2010,CZE,2.1150665283203125,0.1363460942015704
341,2011,CZE,1.7803879976272583,0.07612716731631552
342,2012,CZE,-0.7207970023155212,0.06306517274921641
343,2013,CZE,-0.48522862792015076,0.0029870371939337836
344,2014,CZE,2.7150728702545166,0.07263772636780286
345,2015,CZE,5.387803554534912,-0.016551059366081478
346,2016,CZE,2.4906463623046875,-0.030142235837434805
347,2017,CZE,,0.0041355476776929745
348,1960,DNK,,
349,1961,DNK,6.378871917724609,-0.06584804083078966
350,1962,DNK,5.666714668273926,-0.018553172940786955
351,1963,DNK,0.6370733380317688,-0.0021164055246574165
352,1964,DNK,9.269998550415039,0.02618323302758019
353,1965,DNK,4.555159091949463,-0.025001158786915667
354,1966,DNK,2.7410786151885986,-0.027314635046206348
355,1967,DNK,5.530379295349121,-0.035341364200013436
356,1968,DNK,5.553014755249023,-0.001938865042869553
357,1969,DNK,6.5093770027160645,0.005066252528684423
358,1970,DNK,1.5967704057693481,0.030630136274640396
359,1971,DNK,3.005033016204834,-0.025553162960244347
360,1972,DNK,3.9293439388275146,-0.04406853820698253
361,1973,DNK,4.092925071716309,0.08678168111393325
362,1974,DNK,-1.1224116086959839,0.11794343544993957
363,1975,DNK,-1.4565417766571045,-0.0767226844750778
364,1976,DNK,5.924574375152588,0.021888735735688947
365,1977,DNK,1.870288610458374,-0.011877259359283743
366,1978,DNK,2.226308584213257,-0.05357802249864552
367,1979,DNK,3.869056463241577,0.0665165019628271
368,1980,DNK,-0.4829922616481781,0.07572721937513993
369,1981,DNK,-0.6661330461502075,0.08080440957710189
370,1982,DNK,3.6846508979797363,0.0013250440102894334
371,1983,DNK,2.5960612297058105,-0.01701982648997935
372,1984,DNK,4.16615104675293,0.018320075711337536
373,1985,DNK,4.003685474395752,0.016622671050527282
374,1986,DNK,4.904252529144287,-0.1011264540882183
375,1987,DNK,0.25422611832618713,-0.0531565030292912
376,1988,DNK,-0.013630002737045288,0.039156884739345976
377,1989,DNK,0.6452149748802185,0.051597254692274275
378,1990,DNK,1.4752447605133057,0.0036582930282722526
379,1991,DNK,1.3936560153961182,0.027586780838814606
380,1992,DNK,1.9570115804672241,-0.031015443727319902
381,1993,DNK,0.01065942831337452,-0.020848957887916852
382,1994,DNK,5.332448482513428,0.03316195917414211
383,1995,DNK,3.0276341438293457,0.012423322432472572
384,1996,DNK,2.9000682830810547,-0.0007055980358670055
385,1997,DNK,3.2609469890594482,0.0392557144652903
386,1998,DNK,2.218160390853882,0.00046263197885676455
387,1999,DNK,2.947941541671753,0.019608657161547027
388,2000,DNK,3.746962070465088,0.14150146085406323
389,2001,DNK,0.8230891823768616,0.011865184548917718
390,2002,DNK,0.4664040505886078,0.007006906631027876
391,2003,DNK,0.39001476764678955,-0.04346432120178423
392,2004,DNK,2.6682519912719727,0.01639492627074124
393,2005,DNK,2.336606025695801,0.0874855153611982
394,2006,DNK,3.912980079650879,0.08911577736721243
395,2007,DNK,0.9092530012130737,0.027742544422271642
396,2008,DNK,-0.5119720101356506,0.04757069949504289
397,2009,DNK,-4.906576633453369,-0.1437891712344579
398,2010,DNK,1.870936393737793,0.04840886929580779
399,2011,DNK,1.3368306159973145,0.07593752942349186
400,2012,DNK,0.22646847367286682,0.019707503627314438
401,2013,DNK,0.9333492517471313,-0.0018490715897753196
402,2014,DNK,1.6194288730621338,-0.007629298758564995
403,2015,DNK,1.6065551042556763,0.01744799484471038
404,2016,DNK,1.964077115058899,-0.03458012728716109
405,2017,DNK,,0.015345912701020037
406,1992,EST,,
407,1993,EST,,0.23183895945274635
408,1994,EST,-1.6424438953399658,0.12513642562278537
409,1995,EST,4.526727199554443,-0.0582617107735367
410,1996,EST,5.313117980957031,-0.06357494264993946
411,1997,EST,11.710287094116211,0.14605177201936526
412,1998,EST,4.277610778808594,0.030898519981390038
413,1999,EST,-0.4013662040233612,-0.08557271711618453
414,2000,EST,9.791942596435547,-0.12672100436385836
415,2001,EST,6.443675518035889,0.0010868405348045673
416,2002,EST,6.135091781616211,-0.02020986806262881
417,2003,EST,7.475898742675781,-0.006554040005995576
418,2004,EST,6.404480934143066,0.06193070788728905
419,2005,EST,9.140693664550781,0.04586106171436244
420,2006,EST,10.45937728881836,0.0014958010935124388
421,2007,EST,7.207899570465088,-0.013533263225142034
422,2008,EST,-5.008581638336182,0.01668715720245406
423,2009,EST,-14.213147163391113,-0.15178053982282214
424,2010,EST,1.6499128341674805,0.23275347708007565
425,2011,EST,7.5470499992370605,0.16376680978190583
426,2012,EST,4.325387477874756,0.018394991571551778
427,2013,EST,2.020840883255005,-0.02718914640350223
428,2014,EST,2.7570695877075195,-0.020992252457108118
429,2015,EST,1.7500189542770386,-0.05608816486060064
430,2016,EST,2.202031135559082,0.005825982865370616
431,2017,EST,,-0.020590151509252252
432,1960,FIN,,
433,1961,FIN,7.605112552642822,-0.04519386729846642
434,1962,FIN,2.981752395629883,-0.000798862547666368
435,1963,FIN,3.284898042678833,-0.0695767347806805
436,1964,FIN,5.238894462585449,0.043863547098842215
437,1965,FIN,5.302948474884033,-0.0027793874911086203
438,1966,FIN,2.3725833892822266,-0.018177962462822883
439,1967,FIN,2.1687517166137695,-0.02581995546050042
440,1968,FIN,2.303257703781128,0.08412650505430208
441,1969,FIN,9.593576431274414,0.08295433253686024
442,1970,FIN,7.470324993133545,0.11025126221947734
443,1971,FIN,2.0636203289031982,-0.039811239707858825
444,1972,FIN,7.599715232849121,0.007046676467137303
445,1973,FIN,6.60076904296875,0.014911852224753108
446,1974,FIN,3.0741868019104004,0.13674768738778664
447,1975,FIN,1.0690820217132568,-0.08992254062431926
448,1976,FIN,0.1653415411710739,-0.021511046584652638
449,1977,FIN,0.6028592586517334,0.06259881222175667
450,1978,FIN,2.501141309738159,0.0028425477385174425
451,1979,FIN,6.723180294036865,0.1046555302917922
452,1980,FIN,5.089277744293213,0.08016609467155855
453,1981,FIN,1.2733794450759888,-0.021416033400280865
454,1982,FIN,3.0968515872955322,-0.06523207642194528
455,1983,FIN,3.0692057609558105,-0.002847520854562191
456,1984,FIN,2.987036943435669,-0.014201746333221354
457,1985,FIN,3.227396011352539,-0.022796146757587454
458,1986,FIN,2.7543935775756836,-0.09632712554181944
459,1987,FIN,3.619126081466675,-0.009864090701502404
460,1988,FIN,5.153494358062744,-0.026589413735912393
461,1989,FIN,5.417373180389404,-0.005915259416584107
462,1990,FIN,0.14246846735477448,-0.04258041111342825
463,1991,FIN,-5.915964126586914,-0.05148721490209496
464,1992,FIN,-3.324657440185547,0.15517532194534778
465,1993,FIN,-0.7344996929168701,0.15811543146611529
466,1994,FIN,3.9401731491088867,0.07357295941710906
467,1995,FIN,4.206286430358887,0.026499807658939112
468,1996,FIN,3.658052444458008,0.026029059847202607
469,1997,FIN,6.252687454223633,0.03844131797065953
470,1998,FIN,5.427816867828369,-0.01824538705197165
471,1999,FIN,4.4441962242126465,-0.011670090854248416
472,2000,FIN,5.634922981262207,0.13222523869870595
473,2001,FIN,2.5814573764801025,-0.06304997498477227
474,2002,FIN,1.6803354024887085,-0.013883826770669683
475,2003,FIN,1.9939961433410645,-0.018079135672099844
476,2004,FIN,3.9260804653167725,0.043412868696542484
477,2005,FIN,2.780543088912964,0.07939486165712806
478,2006,FIN,4.054640769958496,0.07249426186763741
479,2007,FIN,5.185363292694092,0.012084646919385378
480,2008,FIN,0.7206684947013855,0.040106910724423406
481,2009,FIN,-8.269036293029785,-0.1847218190983504
482,2010,FIN,2.992337465286255,0.07880975862610673
483,2011,FIN,2.570817708969116,0.0404800696650629
484,2012,FIN,-1.4261893033981323,0.015609592078606571
485,2013,FIN,-0.7585648894309998,-0.023532032298199668
486,2014,FIN,-0.6317314505577087,-0.039981730556014505
487,2015,FIN,0.13508297502994537,-0.025400500169155182
488,2016,FIN,2.1353931427001953,-0.007281790962286205
489,2017,FIN,,0.05181677676375318
490,1960,FRA,,
491,1961,FRA,5.121700763702393,-0.020108894255047582
492,1962,FRA,6.543034076690674,-0.05891894971350098
493,1963,FRA,6.428380966186523,0.0017726909217194997
494,1964,FRA,6.571018218994141,0.031332755276360036
495,1965,FRA,4.861592769622803,-0.004074190433419944
496,1966,FRA,5.234917163848877,0.02373773304030169
497,1967,FRA,4.9516096115112305,-0.006302331964910479
498,1968,FRA,4.415877819061279,0.01702479810518498
499,1969,FRA,7.187062740325928,0.08295192239344251
500,1970,FRA,6.087178707122803,0.08539647313813048
501,1971,FRA,5.321887969970703,0.018778794326353987
502,1972,FRA,4.600711822509766,0.014416900767785013
503,1973,FRA,6.265981197357178,0.059609620199055025
504,1974,FRA,4.302557945251465,0.23105837996766843
505,1975,FRA,-0.9957255125045776,-0.13372510994369824
506,1976,FRA,4.298319339752197,0.07925843800266752
507,1977,FRA,3.492253065109253,0.026164227306806787
508,1978,FRA,3.9935715198516846,-0.029471918598227176
509,1979,FRA,3.521507501602173,0.040449968114791846
510,1980,FRA,1.5756568908691406,0.060171132800096006
511,1981,FRA,1.0925463438034058,0.04386558342281055
512,1982,FRA,2.447232484817505,-0.0034916696285078874
513,1983,FRA,1.275373101234436,-0.002487162001203025
514,1984,FRA,1.6591018438339233,0.05321242902332579
515,1985,FRA,1.6437678337097168,-0.01105216185409763
516,1986,FRA,2.2899675369262695,-0.1303458219569814
517,1987,FRA,2.5742509365081787,-0.014558305615339329
518,1988,FRA,4.620163917541504,0.02728729791024387
519,1989,FRA,4.483459949493408,0.06304469777170674
520,1990,FRA,2.944918632507324,-0.028765199953274534
521,1991,FRA,1.0205490589141846,0.005794170075575478
522,1992,FRA,1.4619821310043335,-0.023080155072809028
523,1993,FRA,-0.5533599853515625,-0.04968825915462649
524,1994,FRA,2.3172595500946045,0.04814219328246616
525,1995,FRA,2.1746160984039307,0.04351072436824355
526,1996,FRA,1.3675488233566284,0.015651101254567035
527,1997,FRA,2.341698169708252,0.08356245223243164
528,1998,FRA,3.558135747909546,0.030671718696326566
529,1999,FRA,3.2974894046783447,0.005133641318146864
530,2000,FRA,4.025830268859863,0.1225927896831489
531,2001,FRA,1.9707239866256714,-0.01614500212580272
532,2002,FRA,1.0733122825622559,-0.03434082304800801
533,2003,FRA,0.8547972440719604,-0.04285101641128419
534,2004,FRA,2.5898187160491943,0.022189530537032764
535,2005,FRA,1.654799222946167,0.03958978534621371
536,2006,FRA,2.530181884765625,0.03932367692088534
537,2007,FRA,2.3553194999694824,0.005655982174351815
538,2008,FRA,0.07353867590427399,0.017304626400747924
539,2009,FRA,-2.8821535110473633,-0.12081866868163527
540,2010,FRA,1.8937785625457764,0.08729936814403594
541,2011,FRA,2.109750270843506,0.07149531628665917
542,2012,FRA,0.22911012172698975,0.015503844323359273
543,2013,FRA,0.603806734085083,0.0010384901291513593
544,2014,FRA,0.9909021854400635,0.011959194204677503
545,2015,FRA,0.9793497323989868,0.021047048064288365
546,2016,FRA,1.1084262132644653,-0.010085553933827596
547,2017,FRA,,0.02842125875343071
548,1960,DEU,,
549,1961,DEU,4.715,-0.04531360059759704
550,1962,DEU,4.713,-0.008220998072752339
551,1963,DEU,2.931,0.020043788702303056
552,1964,DEU,6.422,0.011910014541770986
553,1965,DEU,5.259,0.039871316659216394
554,1966,DEU,2.89,0.01887634795820703
555,1967,DEU,-0.246,0.01124822630774247
556,1968,DEU,5.539,0.05057775199959513
557,1969,DEU,7.461,0.040276225217172223
558,1970,DEU,5.037,-0.004430621764025089
559,1971,DEU,3.012,-0.027334118064908486
560,1972,DEU,4.268,-0.0036017695397452254
561,1973,DEU,4.965,0.03156665079696608
562,1974,DEU,1.006,0.16557772972524343
563,1975,DEU,-0.892,-0.028290649838541126
564,1976,DEU,4.445,0.06860874967176112
565,1977,DEU,3.502,-0.006938157920370891
566,1978,DEU,3.106,-0.02423532212141477
567,1979,DEU,4.285,0.05499679253734824
568,1980,DEU,1.304,0.06704779367204505
569,1981,DEU,0.648,0.05563476019963853
570,1982,DEU,-0.513,0.004618520868725939
571,1983,DEU,1.467,-0.01829529392084195
572,1984,DEU,2.911,0.06120127163274969
573,1985,DEU,2.604,0.036162247095109734
574,1986,DEU,2.27,-0.10375594296088853
575,1987,DEU,1.279,-0.029227760918633106
576,1988,DEU,3.439,0.020078443186070105
577,1989,DEU,4.047,0.06324341528880195
578,1990,DEU,5.475,0.014318867875450003
579,1991,DEU,5.201,0.042603379522708096
580,1992,DEU,1.5140552520751953,-0.06096002984915949
581,1993,DEU,-0.9787774682044983,-0.0977959610228809
582,1994,DEU,2.5291786193847656,0.03514981555843866
583,1995,DEU,1.8087801933288574,0.03498138352551927
584,1996,DEU,0.8567564487457275,0.033345259769726354
585,1997,DEU,1.9105807542800903,0.10232543564832364
586,1998,DEU,1.7694724798202515,0.03995541222522747
587,1999,DEU,1.8479124307632446,0.03463514147235314
588,2000,DEU,3.1913976669311523,0.1502835423636557
589,2001,DEU,1.8239036798477173,0.009574849323994217
590,2002,DEU,0.03222484514117241,-0.019439057210807742
591,2003,DEU,-0.719484806060791,0.01227716053557315
592,2004,DEU,0.6976560950279236,0.07049807108780648
593,2005,DEU,0.8781112432479858,0.06931900472105013
594,2006,DEU,3.875847578048706,0.09458772281468142
595,2007,DEU,3.3673300743103027,0.029687280469659738
596,2008,DEU,0.8181290626525879,0.019835699723814493
597,2009,DEU,-5.564844131469727,-0.12699811847318376
598,2010,DEU,3.947603225708008,0.1222390700919338
599,2011,DEU,3.717529773712158,0.06865622369269908
600,2012,DEU,0.6859426498413086,0.013298645285248156
601,2013,DEU,0.599708616733551,-0.012091212831337184
602,2014,DEU,1.9266935586929321,-0.005553864065236946
603,2015,DEU,1.5042741298675537,0.01596296864372837
604,2016,DEU,1.8553500175476074,-0.020414532484257175
605,2017,DEU,,0.03062687368519712
606,1960,GRC,,
607,1961,GRC,13.204,-0.03550823412503834
608,1962,GRC,0.365,-0.02102162531762697
609,1963,GRC,11.845,0.05346121107660262
610,1964,GRC,9.41,0.0008560652055500384
611,1965,GRC,10.768,0.0125533659651349
612,1966,GRC,6.495,0.01208318876202652
613,1967,GRC,5.669,-0.029860137115449215
614,1968,GRC,7.204,-0.02419171396642139
615,1969,GRC,11.564,-0.014497082349536838
616,1970,GRC,8.931,-0.00792290025542497
617,1971,GRC,7.841,0.009054978074369613
618,1972,GRC,10.16,0.08570019554701713
619,1973,GRC,8.092,0.2532892060324692
620,1974,GRC,-6.438,0.1180749660813698
621,1975,GRC,6.367,-0.004338596568866926
622,1976,GRC,6.852,-0.0125782103949863
623,1977,GRC,2.941,-0.006224717728790741
624,1978,GRC,7.247,-0.04399655180173556
625,1979,GRC,3.282,0.07229530859994959
626,1980,GRC,0.677,0.2548000813909408
627,1981,GRC,-1.554,0.0572944492217482
628,1982,GRC,-1.133,-0.11219286920713778
629,1983,GRC,-1.079,-0.016152097665246612
630,1984,GRC,2.011,-0.0067285092071651675
631,1985,GRC,2.51,-0.012482367930943261
632,1986,GRC,0.518,0.05605776768236481
633,1987,GRC,-2.259,-0.00782330692740607
634,1988,GRC,4.288,-0.06392308208541164
635,1989,GRC,3.8,0.02955123085109923
636,1990,GRC,0.0,-0.016073760551355343
637,1991,GRC,3.1,-0.038265254629462286
638,1992,GRC,0.7,0.005954480098484538
639,1993,GRC,-1.6,-0.046279498611504266
640,1994,GRC,2.0,-0.023302066931526366
641,1995,GRC,2.1,0.02612495824475336
642,1996,GRC,2.8954365253448486,0.010465432140019715
643,1997,GRC,4.6001973152160645,0.0474181004330303
644,1998,GRC,3.8707387447357178,0.07623446723207539
645,1999,GRC,2.948441505432129,0.12087835133106917
646,2000,GRC,4.053917407989502,0.23298098679544754
647,2001,GRC,4.190118312835693,-0.03895717725103953
648,2002,GRC,3.987596035003662,-0.10315235294924452
649,2003,GRC,5.80844259262085,-0.04287890524141491
650,2004,GRC,4.771553993225098,0.03545023468518127
651,2005,GRC,0.7936946749687195,0.020089205193589255
652,2006,GRC,5.585555076599121,0.038297584755935254
653,2007,GRC,3.168354034423828,0.08844122562168111
654,2008,GRC,-0.23280470073223114,0.031383910613204336
655,2009,GRC,-4.3128533363342285,-0.1952793642039774
656,2010,GRC,-5.461909294128418,0.10651110038256228
657,2011,GRC,-9.16965103149414,0.09493858498441199
658,2012,GRC,-7.320309638977051,0.06868642235008204
659,2013,GRC,-3.1676836013793945,0.027522511330077215
660,2014,GRC,0.7720752954483032,0.05715300931341316
661,2015,GRC,-0.347626656293869,-0.060972800223977996
662,2016,GRC,-0.26029667258262634,-0.03512210578801167
663,2017,GRC,,0.10124878925282199
664,1990,HUN,,
665,1991,HUN,,0.25823060595656844
666,1992,HUN,-3.064180374145508,-0.05002707176205001
667,1993,HUN,-0.5761085152626038,-0.033980466768504636
668,1994,HUN,2.9471545219421387,0.05414671182180797
669,1995,HUN,1.4895254373550415,0.388389720205945
670,1996,HUN,0.014154781587421894,0.06289680564785338
671,1997,HUN,3.340163469314575,0.13901657033107373
672,1998,HUN,4.2358479499816895,0.13149261300282467
673,1999,HUN,3.186896324157715,0.06077977800578305
674,2000,HUN,4.209179878234863,0.20456324048460228
675,2001,HUN,3.840510368347168,-0.045933875658440204
676,2002,HUN,4.528205871582031,-0.09752643309494646
677,2003,HUN,3.8486196994781494,-0.012912097694474212
678,2004,HUN,5.004918098449707,0.056295543011842586
679,2005,HUN,4.388215065002441,0.0355407422826608
680,2006,HUN,3.851172924041748,0.17038452750096766
681,2007,HUN,0.434761643409729,0.041242432211940905
682,2008,HUN,0.8555130362510681,0.01938078648145214
683,2009,HUN,-6.599974155426025,-0.0848667576860842
684,2010,HUN,0.6823781728744507,0.09373648825056269
685,2011,HUN,1.661916732788086,0.057058073528269526
686,2012,HUN,-1.6437798738479614,-0.0075399670227256355
687,2013,HUN,2.0962166786193848,-0.01069971629950539
688,2014,HUN,4.227733135223389,0.0281116214091528
689,2015,HUN,3.36714506149292,0.005147113219327926
690,2016,HUN,2.2131874561309814,-0.0023163222408151274
691,2017,HUN,,-0.003011600237953438
692,1960,ISL,,
693,1961,ISL,-0.08357971906661987,-0.08816893761640665
694,1962,ISL,8.312682151794434,0.0853752698586292
695,1963,ISL,10.283143997192383,-0.03327633922379636
696,1964,ISL,9.9169282913208,-0.09707576599381984
697,1965,ISL,7.28927755355835,-0.05817073185168564
698,1966,ISL,8.736574172973633,-0.061496533426738
699,1967,ISL,-1.2683372497558594,-0.038741138089477656
700,1968,ISL,-5.474545955657959,0.10679218165160731
701,1969,ISL,2.3742823600769043,0.18124904362684124
702,1970,ISL,7.459220886230469,0.044746921605085976
703,1971,ISL,13.060837745666504,-0.0787063362003062
704,1972,ISL,6.177334308624268,-0.11661889964817218
705,1973,ISL,6.806009769439697,0.01879446273722496
706,1974,ISL,5.706292152404785,-0.00879657284548685
707,1975,ISL,0.646155059337616,0.03315098994847432
708,1976,ISL,5.959367752075195,-0.0831538686812624
709,1977,ISL,8.822277069091797,-0.03028057465976408
710,1978,ISL,6.016714572906494,0.051961409867027575
711,1979,ISL,4.86058235168457,0.06635784607484663
712,1980,ISL,5.747920513153076,-0.05020909190434364
713,1981,ISL,4.265007019042969,-0.0037697909444981414
714,1982,ISL,2.1545662879943848,-0.023068413577679192
715,1983,ISL,-2.1511616706848145,0.11783486937215093
716,1984,ISL,4.1291184425354,-0.014955377756501576
717,1985,ISL,3.2928414344787598,0.056061121056745655
718,1986,ISL,6.270542144775391,-0.08718668886732672
719,1987,ISL,8.545939445495605,-0.05075985375125569
720,1988,ISL,-0.0897260308265686,-0.07450072975268596
721,1989,ISL,0.2584398686885834,0.006124140064008188
722,1990,ISL,1.1693702936172485,0.01817833904433286
723,1991,ISL,-0.2235255092382431,-0.032516447448190156
724,1992,ISL,-3.373894214630127,-0.04947300366683105
725,1993,ISL,1.313449501991272,0.028129255675153786
726,1994,ISL,3.6088578701019287,0.06409843946542582
727,1995,ISL,0.11658370494842529,0.015947299989138575
728,1996,ISL,4.785062313079834,0.06702008499952106
729,1997,ISL,4.91318941116333,-0.02025229487839386
730,1998,ISL,7.018609046936035,0.02078042769316668
731,1999,ISL,3.8944954872131348,-0.03412087823525922
732,2000,ISL,4.602995872497559,0.02594200886605047
733,2001,ISL,3.927537202835083,0.05144131076997982
734,2002,ISL,0.5505062937736511,-0.07253247050278999
735,2003,ISL,2.35671067237854,-0.018099394611464037
736,2004,ISL,8.074284553527832,0.026369414010256165
737,2005,ISL,6.390525817871094,0.0357860481852863
738,2006,ISL,5.01718807220459,0.08314080538303203
739,2007,ISL,9.428278923034668,-0.044654556202076146
740,2008,ISL,1.6589149236679077,0.11047441071896635
741,2009,ISL,-6.50525426864624,0.06060675080761202
742,2010,ISL,-3.6056363582611084,0.063482020243121
743,2011,ISL,1.9630239009857178,0.0821338567413008
744,2012,ISL,1.3192600011825562,0.02404656886576273
745,2013,ISL,4.308137893676758,-0.047581461145611126
746,2014,ISL,2.2003464698791504,-0.023288049197281446
747,2015,ISL,4.3113179206848145,-0.0027749239254322156
748,2016,ISL,7.481450080871582,-0.08389601393648971
749,2017,ISL,,-0.004990762862305265
750,1960,IRL,,
751,1961,IRL,5.017,0.07782354923730606
752,1962,IRL,3.215,-0.04324994894712331
753,1963,IRL,4.747,0.04503598669022191
754,1964,IRL,3.786,0.0006277254252693432
755,1965,IRL,1.932,0.058383080529118336
756,1966,IRL,0.893,0.021871731700254582
757,1967,IRL,5.786,-0.020149427839751044
758,1968,IRL,8.244,0.0680911314017274
759,1969,IRL,5.864,-0.004321523440873554
760,1970,IRL,2.661,-0.021551612938891518
761,1971,IRL,3.47,-0.029857410153410813
762,1972,IRL,6.49,-0.06335773241106035
763,1973,IRL,4.721,0.11247333018694183
764,1974,IRL,4.26,0.20523553855272536
765,1975,IRL,5.657,-0.08414507870420773
766,1976,IRL,1.395,0.09864028205843822
767,1977,IRL,8.211,0.07410723005663367
768,1978,IRL,7.187,0.017472761257767644
769,1979,IRL,3.073,0.0560308905492477
770,1980,IRL,3.079,-0.028453065990195148
771,1981,IRL,3.325,-0.012985818261178395
772,1982,IRL,2.283,-0.06937309253592838
773,1983,IRL,-0.244,0.040085444642215196
774,1984,IRL,4.354,0.1081374359669891
775,1985,IRL,3.086,-0.005023300014143639
776,1986,IRL,-0.428,-0.09869872018210113
777,1987,IRL,4.663,0.0372581765605795
778,1988,IRL,5.217,0.04441200234139675
779,1989,IRL,5.814,0.06887449734805307
780,1990,IRL,8.467,-0.0661172180737607
781,1991,IRL,1.9296395778656006,0.013432306551335538
782,1992,IRL,3.3432743549346924,0.029173317631256523
783,1993,IRL,2.6926090717315674,0.06442296443612539
784,1994,IRL,5.755826950073242,0.08478558033782346
785,1995,IRL,9.634422302246094,0.07600904243867235
786,1996,IRL,7.7729692459106445,0.02032729048906723
787,1997,IRL,10.251099586486816,0.026085821791343777
788,1998,IRL,8.477611541748047,0.11000485519094405
789,1999,IRL,10.626728057861328,0.013710769854030191
790,2000,IRL,9.574702262878418,0.09364072334898577
791,2001,IRL,5.836000919342041,-0.0006400593810665933
792,2002,IRL,6.319490432739258,-0.06434402743791134
793,2003,IRL,3.1402010917663574,-0.10510857266378415
794,2004,IRL,6.7547197341918945,0.0009818993440584567
795,2005,IRL,6.021015644073486,0.010793024514542227
796,2006,IRL,5.5379719734191895,0.011323854413173962
797,2007,IRL,5.1576995849609375,0.02223741155915948
798,2008,IRL,-3.9328982830047607,0.041303067249339076
799,2009,IRL,-4.667269229888916,0.08378063112841838
800,2010,IRL,1.7606232166290283,0.09500360407332531
801,2011,IRL,2.934926986694336,-0.005404515129791787
802,2012,IRL,0.040912505239248276,0.016011324215648326
803,2013,IRL,1.6216586828231812,-0.01660736645960792
804,2014,IRL,8.297683715820312,0.07039331095151091
805,2015,IRL,25.485166549682617,0.0691729106885679
806,2016,IRL,5.132303237915039,0.04324962622605044
807,2017,IRL,,-0.06838503919596117
808,1960,ITA,,
809,1961,ITA,8.20657730102539,0.01180157123648562
810,1962,ITA,6.204071044921875,0.008495870405968997
811,1963,ITA,5.610202789306641,0.023942366842551133
812,1964,ITA,2.7964844703674316,-0.036148616333227857
813,1965,ITA,3.2689318656921387,0.035374098767005924
814,1966,ITA,5.984688758850098,0.04862087792376135
815,1967,ITA,7.178654670715332,0.009011948196590902
816,1968,ITA,6.544497489929199,0.020057629055636017
817,1969,ITA,6.098081111907959,0.06556084118064787
818,1970,ITA,5.310490131378174,-0.03220299103791335
819,1971,ITA,1.9340568780899048,0.009876368193973972
820,1972,ITA,3.154279947280884,0.04693756264464022
821,1973,ITA,6.548872947692871,0.07044398371706762
822,1974,ITA,5.276768207550049,0.1978047449234177
823,1975,ITA,-2.0496416091918945,-0.08338307519283272
824,1976,ITA,6.528505325317383,0.10137951826016445
825,1977,ITA,2.358976364135742,0.014991087538163805
826,1978,ITA,3.650845766067505,-0.012947220131832804
827,1979,ITA,5.531315803527832,0.059178190205672276
828,1980,ITA,3.4779443740844727,-0.01688255764784119
829,1981,ITA,0.7808669209480286,0.0537415510463537
830,1982,ITA,0.3255860507488251,-0.039170470895038445
831,1983,ITA,1.365851640701294,-0.07627299430202106
832,1984,ITA,3.2102818489074707,0.05588307522864766
833,1985,ITA,2.8396196365356445,0.004747929799238548
834,1986,ITA,2.9704082012176514,-0.15183284145490017
835,1987,ITA,2.957681655883789,-0.01661307979201887
836,1988,ITA,4.299822807312012,-0.01269658385615513
837,1989,ITA,3.474919319152832,0.055300720721181085
838,1990,ITA,1.952006459236145,-0.019728777405040865
839,1991,ITA,1.5322824716567993,-0.06726873541683198
840,1992,ITA,0.6993849277496338,0.030558420596513702
841,1993,ITA,-0.8579261302947998,0.0815056152183411
842,1994,ITA,2.2812554836273193,0.0713945500101647
843,1995,ITA,2.9613239765167236,0.1292675912575325
844,1996,ITA,1.0001229047775269,-0.062022053905521846
845,1997,ITA,1.953323483467102,0.03952555008592973
846,1998,ITA,1.4507595300674438,0.011822052627750823
847,1999,ITA,1.5070278644561768,-0.010723296051004638
848,2000,ITA,3.995811700820923,0.12854816906270683
849,2001,ITA,1.561204195022583,-0.005275929320377903
850,2002,ITA,0.24707545340061188,-0.04002930197485588
851,2003,ITA,0.24118377268314362,-0.04003824191747363
852,2004,ITA,1.3784875869750977,0.027556461568786217
853,2005,ITA,1.1384040117263794,0.03933586069556294
854,2006,ITA,2.1044676303863525,0.07848959632944719
855,2007,ITA,1.3297878503799438,0.03605343963515928
856,2008,ITA,-1.0484001636505127,-0.008976765709204138
857,2009,ITA,-5.534210205078125,-0.16646986979241385
858,2010,ITA,1.648282766342163,0.14770053614288892
859,2011,ITA,0.7200380563735962,0.06184645891918339
860,2012,ITA,-2.8517260551452637,0.010828672584904053
861,2013,ITA,-1.7493228912353516,-0.012784400358245906
862,2014,ITA,0.1823348104953766,0.005285704421346349
863,2015,ITA,0.8287078142166138,0.02101030904539236
864,2016,ITA,0.9721425175666809,-0.015502368644313425
865,2017,ITA,,0.05909821685522565
866,1960,JPN,,
867,1961,JPN,11.853142738342285,-0.03932887835734333
868,1962,JPN,8.596553802490234,-0.07250275429140529
869,1963,JPN,8.787504196166992,0.010411804273212644
870,1964,JPN,11.18565559387207,0.014190321331955191
871,1965,JPN,5.673023700714111,0.024167312749882264
872,1966,JPN,10.2484130859375,-0.0022084615992209455
873,1967,JPN,11.0839262008667,-0.025702696025693084
874,1968,JPN,11.90900707244873,0.0010644348434456496
875,1969,JPN,11.953083038330078,0.021344500920312592
876,1970,JPN,10.2824068069458,0.04354249367857577
877,1971,JPN,4.389103412628174,0.017989240596254508
878,1972,JPN,8.413496017456055,-0.08901241683452044
879,1973,JPN,8.0326509475708,0.06354146229628177
880,1974,JPN,-1.225196361541748,0.3941428521830872
881,1975,JPN,3.091486692428589,-0.08572517083668629
882,1976,JPN,3.9750285148620605,0.02960772779217158
883,1977,JPN,4.390337944030762,-0.06701226316084574
884,1978,JPN,5.272019863128662,-0.16512612208087585
885,1979,JPN,5.483925819396973,0.17319999533641428
886,1980,JPN,2.817592144012451,0.17644598532324474
887,1981,JPN,4.176878929138184,0.014730554404769336
888,1982,JPN,3.3765058517456055,-0.012147813661377072
889,1983,JPN,3.060805320739746,-0.08181851823219022
890,1984,JPN,4.4638991355896,0.05109552548032492
891,1985,JPN,6.333356857299805,-0.06623164713912899
892,1986,JPN,2.8310766220092773,-0.26203081801919015
893,1987,JPN,4.10742712020874,-0.057556873994895175
894,1988,JPN,7.146693706512451,0.004619331862926179
895,1989,JPN,5.370152473449707,0.09815430432477812
896,1990,JPN,5.5723981857299805,0.04188910572741622
897,1991,JPN,3.3243408203125,-0.08080304128364546
898,1992,JPN,0.8190082311630249,-0.04117143246021626
899,1993,JPN,0.17106275260448456,-0.07593447360357664
900,1994,JPN,0.8635998368263245,0.0056569675806237285
901,1995,JPN,2.742140293121338,0.035704993706716426
902,1996,JPN,3.099999189376831,0.11061615829750071
903,1997,JPN,1.0760674476623535,0.08185052228130307
904,1998,JPN,-1.1284315586090088,-0.04035379931080396
905,1999,JPN,-0.25195425748825073,-0.04591613361466951
906,2000,JPN,2.779632806777954,0.08015113663117668
907,2001,JPN,0.40633589029312134,-0.0010857911214374738
908,2002,JPN,0.11797120422124863,0.04482645583193978
909,2003,JPN,1.5282635688781738,0.04338861653100867
910,2004,JPN,2.2046661376953125,0.10838233379495943
911,2005,JPN,1.662670373916626,0.10839775005476038
912,2006,JPN,1.4199861288070679,0.14392681409998453
913,2007,JPN,1.6542043685913086,0.09106323466674238
914,2008,JPN,-1.0935405492782593,0.03943718916089933
915,2009,JPN,-5.416432857513428,-0.28803494983287314
916,2010,JPN,4.191761493682861,0.16831190360501247
917,2011,JPN,-0.1154213398694992,0.06220946345735734
918,2012,JPN,1.4950692653656006,0.007998878689540634
919,2013,JPN,2.0002682209014893,0.11461634175607105
920,2014,JPN,0.3747391998767853,0.09951674382209896
921,2015,JPN,1.3538230657577515,-0.05191983011668144
922,2016,JPN,0.9554272294044495,-0.12163645761930986
923,2017,JPN,,0.10011232440516338
924,1993,LVA,-11.400012969970703,
925,1994,LVA,2.20005464553833,-0.29971658321516803
926,1995,LVA,-0.9000382423400879,-0.04904887584828521
927,1996,LVA,2.3590714931488037,0.21711134454491998
928,1997,LVA,8.974096298217773,-0.016212709323622065
929,1998,LVA,6.521787643432617,0.02223794156854586
930,1999,LVA,2.618901491165161,-0.11688323027648684
931,2000,LVA,5.406919956207275,0.02314098385193475
932,2001,LVA,6.461308479309082,0.057997077529144514
933,2002,LVA,7.102990627288818,-0.036950471569410004
934,2003,LVA,8.4307279586792,0.01779331020036934
935,2004,LVA,8.335551261901855,0.10537010303453731
936,2005,LVA,10.696991920471191,0.07597593604857011
937,2006,LVA,11.889381408691406,-0.002135200964757722
938,2007,LVA,9.979305267333984,-0.04666377786148257
939,2008,LVA,-3.54766583442688,-0.040882344570498
940,2009,LVA,-14.401693344116211,-0.05625038110787517
941,2010,LVA,-3.9406654834747314,0.25294740458517273
942,2011,LVA,6.381021499633789,0.10867009409967388
943,2012,LVA,4.03463888168335,0.05351833580685006
944,2013,LVA,2.429831027984619,-0.0228841884408012
945,2014,LVA,1.8582439422607422,-0.009915583437568709
946,2015,LVA,2.9717090129852295,-0.01308906912232466
947,2016,LVA,2.208814859390259,-0.020724871824461255
948,2017,LVA,,0.027729776092832115
949,1992,LTU,-21.258323669433594,
950,1993,LTU,-16.22752571105957,3.0071473501789114
951,1994,LTU,-9.765998840332031,-0.32454740796973713
952,1995,LTU,3.290107250213623,-0.04846869227446393
953,1996,LTU,5.149974346160889,0.09724166770591824
954,1997,LTU,8.293191909790039,0.07335763544366003
955,1998,LTU,7.467207908630371,-0.10356626477111153
956,1999,LTU,-1.134638786315918,-0.1655195991603069
957,2000,LTU,3.831655979156494,0.11310410389042391
958,2001,LTU,6.5244340896606445,0.12339811002891765
959,2002,LTU,6.760712623596191,0.07279216352122453
960,2003,LTU,10.538597106933594,-0.022259388460929008
961,2004,LTU,6.550079822540283,0.03673493097391667
962,2005,LTU,7.727387428283691,0.12961979974560256
963,2006,LTU,7.4064507484436035,0.05732229115125809
964,2007,LTU,11.086962699890137,-0.06306613269335548
965,2008,LTU,2.628082275390625,0.10548008018172661
966,2009,LTU,-14.814172744750977,-0.16123080443768512
967,2010,LTU,1.639827013015747,0.25581241130518984
968,2011,LTU,6.043137550354004,0.1507183819169624
969,2012,LTU,3.8269381523132324,0.06453858725473038
970,2013,LTU,3.498577117919922,0.02763598608501594
971,2014,LTU,3.537585496902466,-0.04041677003819644
972,2015,LTU,2.034667730331421,-0.049981483713474106
973,2016,LTU,2.3448829650878906,-0.034159886094271896
974,2017,LTU,,0.08226274967807612
975,1960,LUX,,
976,1961,LUX,3.829706907272339,0.04429238390534218
977,1962,LUX,1.3584017753601074,-0.04536984696565338
978,1963,LUX,3.4392685890197754,-0.02434869198904621
979,1964,LUX,7.865418910980225,0.015501448680597996
980,1965,LUX,1.9287413358688354,0.020074277253198103
981,1966,LUX,1.105623483657837,-0.047790580414795225
982,1967,LUX,0.21677641570568085,-0.01972268956941836
983,1968,LUX,4.183920860290527,0.008596657796935192
984,1969,LUX,9.973620414733887,0.012118686618551644
985,1970,LUX,1.7036491632461548,0.05745834725414167
986,1971,LUX,2.667236328125,0.04543618056774479
987,1972,LUX,6.5981926918029785,-0.07413833840788664
988,1973,LUX,8.312676429748535,0.041213890861660385
989,1974,LUX,4.212467193603516,0.11116487299704447
990,1975,LUX,-6.571371078491211,-0.02279730020871984
991,1976,LUX,2.534332036972046,-0.05606098075949473
992,1977,LUX,1.5697765350341797,-0.005065524956577305
993,1978,LUX,4.0749711990356445,-0.02124900555399245
994,1979,LUX,2.345608711242676,0.07080301882386686
995,1980,LUX,0.8408828973770142,-0.001368838596744859
996,1981,LUX,-0.5509505271911621,-0.009409275289392949
997,1982,LUX,1.131296992301941,0.020056966745437776
998,1983,LUX,2.989076852798462,0.004033759318048613
999,1984,LUX,6.186939239501953,0.11236165350779959
1000,1985,LUX,2.791706085205078,0.05755848100041172
1001,1986,LUX,9.98393440246582,-0.08729568816576139
1002,1987,LUX,3.9509780406951904,-0.006029159823395913
1003,1988,LUX,8.463282585144043,0.008013473069480304
1004,1989,LUX,9.79806137084961,0.011208618065904341
1005,1990,LUX,5.319931983947754,-0.016788939279483217
1006,1991,LUX,8.644190788269043,0.004493929804357144
1007,1992,LUX,1.819652795791626,-0.032236798052378224
1008,1993,LUX,4.200647830963135,-0.006193989844129333
1009,1994,LUX,3.8209211826324463,0.02424094912491226
1010,1995,LUX,1.4322001934051514,0.020251383526774802
1011,1996,LUX,1.3933830261230469,0.03150934024356622
1012,1997,LUX,5.725076675415039,0.10581246238818864
1013,1998,LUX,6.028470993041992,0.10593387953308508
1014,1999,LUX,8.465276718139648,0.02716646177746518
1015,2000,LUX,8.213802337646484,0.1368385762042732
1016,2001,LUX,2.513288974761963,-0.002230181172343637
1017,2002,LUX,3.8340885639190674,-0.04607169115275955
1018,2003,LUX,1.6363321542739868,-0.018320357652818475
1019,2004,LUX,3.6619718074798584,0.1066791918649701
1020,2005,LUX,3.1999385356903076,0.05890506826965347
1021,2006,LUX,5.172754287719727,0.07665335675161944
1022,2007,LUX,8.345656394958496,0.037138687260662495
1023,2008,LUX,-1.2813999652862549,0.0332533445371781
1024,2009,LUX,-4.408998966217041,-0.13851656383218391
1025,2010,LUX,4.84818172454834,0.06821099776736239
1026,2011,LUX,2.5549323558807373,0.023052149946198197
1027,2012,LUX,-0.3742277920246124,0.05692509744949459
1028,2013,LUX,3.6802263259887695,0.02158736566216768
1029,2014,LUX,5.7437214851379395,0.12473388788687734
1030,2015,LUX,2.893141746520996,0.060042637018647094
1031,2016,LUX,3.0771126747131348,-0.0069017159907125425
1032,2017,LUX,,-0.0015634242400646148
1033,1966,MLT,,
1034,1967,MLT,,-0.029641369480898794
1035,1968,MLT,,0.11848377469295435
1036,1969,MLT,,0.018185640943743975
1037,1970,MLT,,-0.08405710591020454
1038,1971,MLT,,-0.008384043522369988
1039,1972,MLT,,-0.003340725418211843
1040,1973,MLT,,0.17591925467386993
1041,1974,MLT,,0.3125054990019642
1042,1975,MLT,,-0.08708313007407797
1043,1976,MLT,,0.01212518252356487
1044,1977,MLT,,0.03320778400037061
1045,1978,MLT,,-0.07815368476265405
1046,1979,MLT,,0.06488964346349757
1047,1980,MLT,,0.020284274581012562
1048,1981,MLT,,-0.08568376898607466
1049,1982,MLT,,-0.09935623100668989
1050,1983,MLT,,-0.03383304014237287
1051,1984,MLT,,0.04077889759332276
1052,1985,MLT,,0.0342256675420507
1053,1986,MLT,,-0.03713048040998779
1054,1987,MLT,,0.07189230495022736
1055,1988,MLT,,0.015221392516594712
1056,1989,MLT,,0.028374829387678213
1057,1990,MLT,,0.06350744260380381
1058,1991,MLT,,0.005083591142080124
1059,1992,MLT,4.686223983764648,0.03244569620014692
1060,1993,MLT,4.48704719543457,0.04910956259644528
1061,1994,MLT,5.715579032897949,0.015563513261914297
1062,1995,MLT,6.233761310577393,-0.011414347630622768
1063,1996,MLT,3.9877896308898926,-0.06461034486831685
1064,1997,MLT,4.854717254638672,-0.04823859120970897
1065,1998,MLT,3.42429518699646,-0.012397887587119794
1066,1999,MLT,4.0595269203186035,0.016601748796952087
1067,2000,MLT,6.413247108459473,0.08301342069316098
1068,2001,MLT,0.6081637740135193,-0.11061968499197106
1069,2002,MLT,2.9824330806732178,0.000860226265575248
1070,2003,MLT,2.5441219806671143,-0.01954156128699125
1071,2004,MLT,0.4420136511325836,-0.029430296567910075
1072,2005,MLT,3.7852494716644287,0.014059842562030633
1073,2006,MLT,1.827699899673462,0.1851294510717707
1074,2007,MLT,3.986461877822876,0.03286173761911426
1075,2008,MLT,3.3465232849121094,0.1496728557292606
1076,2009,MLT,-2.462285280227661,-0.0007631181113701979
1077,2010,MLT,3.5431649684906006,0.03517772040667411
1078,2011,MLT,1.326310634613037,0.03561263384704638
1079,2012,MLT,2.6747260093688965,0.023506933287349208
1080,2013,MLT,4.675279140472412,-0.05529412270165324
1081,2014,MLT,8.124364852905273,-0.07324906768539086
1082,2015,MLT,9.889213562011719,-0.04380075804285721
1083,2016,MLT,5.488180637359619,-0.031682805366002875
1084,2017,MLT,,-0.04888875091946321
1085,1960,NLD,,
1086,1961,NLD,3.2194113731384277,-0.029684409769187292
1087,1962,NLD,4.146069526672363,-0.01702605979948224
1088,1963,NLD,3.710735559463501,0.013822194496430296
1089,1964,NLD,7.982066631317139,-0.015796190300331303
1090,1965,NLD,5.691824913024902,-0.029995419638779386
1091,1966,NLD,3.020101547241211,-0.018556507301568104
1092,1967,NLD,5.553709983825684,-0.03380388376899868
1093,1968,NLD,6.5702996253967285,0.0009562881808387047
1094,1969,NLD,5.419809341430664,-0.02290955376981829
1095,1970,NLD,5.696472644805908,0.0680491338710314
1096,1971,NLD,4.219233989715576,-0.012422337974999365
1097,1972,NLD,3.3112406730651855,-0.03140004043441469
1098,1973,NLD,4.688436031341553,0.04193749560871041
1099,1974,NLD,3.9653375148773193,0.11462719189563697
1100,1975,NLD,-0.09013662487268448,-0.05819425136060541
1101,1976,NLD,5.11843204498291,0.025748740733992248
1102,1977,NLD,2.3179190158843994,-0.03343661386446806
1103,1978,NLD,2.4840798377990723,-0.03612851885896862
1104,1979,NLD,1.838045358657837,0.09387789668733015
1105,1980,NLD,1.682002067565918,0.055847773848002324
1106,1981,NLD,-0.5135552287101746,0.05053895085142468
1107,1982,NLD,-1.2826942205429077,-0.0034860747713455487
1108,1983,NLD,1.757493019104004,0.002971041673045738
1109,1984,NLD,3.1194753646850586,0.05460826393612628
1110,1985,NLD,2.6560189723968506,0.035640332792670204
1111,1986,NLD,3.1255273818969727,-0.15155599385411467
1112,1987,NLD,1.8501969575881958,-0.015011247522713767
1113,1988,NLD,2.9802730083465576,0.045082792244781844
1114,1989,NLD,4.479402542114258,0.06052555069529064
1115,1990,NLD,4.178456783294678,-0.018918421908816985
1116,1991,NLD,2.4511618614196777,0.010342832205810781
1117,1992,NLD,1.5899531841278076,-0.0295853653431567
1118,1993,NLD,1.263738989830017,-0.029986166625980304
1119,1994,NLD,3.008195400238037,0.04052491016879545
1120,1995,NLD,3.2533345222473145,0.047283797001866024
1121,1996,NLD,3.289973735809326,0.008480911456835827
1122,1997,NLD,4.489132881164551,0.05157403916014447
1123,1998,NLD,4.430678844451904,-0.01564445937058334
1124,1999,NLD,4.965467929840088,0.016435958490297775
1125,2000,NLD,4.321603775024414,0.09720118284748769
1126,2001,NLD,2.123610734939575,-0.043682417171824306
1127,2002,NLD,0.10359508544206619,-0.054827272515220016
1128,2003,NLD,0.3587073087692261,-0.01355046034899443
1129,2004,NLD,1.8045322895050049,0.050827376697641036
1130,2005,NLD,2.162365674972534,0.04419829842375478
1131,2006,NLD,3.669018268585205,0.040433461692236605
1132,2007,NLD,3.6968743801116943,0.021019439283349595
1133,2008,NLD,1.6985208988189697,0.004614515487371795
1134,2009,NLD,-3.7665865421295166,-0.1081215535796991
1135,2010,NLD,1.3308000564575195,0.12518318582935173
1136,2011,NLD,1.6642762422561646,0.08325368892376273
1137,2012,NLD,-1.057261347770691,0.04770487914099508
1138,2013,NLD,-0.12110115587711334,0.0018818450522681829
1139,2014,NLD,1.4190596342086792,0.0033734694846450086
1140,2015,NLD,2.2600860595703125,0.051733444937748896
1141,2016,NLD,2.145390510559082,-0.05676145601920202
1142,2017,NLD,,0.04243151391218669
1143,1960,NZL,,
1144,1961,NZL,4.4449944496154785,0.006976721093344018
1145,1962,NZL,2.484537363052368,-0.07922072173347872
1146,1963,NZL,4.315483093261719,0.10430149699444513
1147,1964,NZL,4.201171875,-0.05656262331231188
1148,1965,NZL,6.327785491943359,0.0009214905578056598
1149,1966,NZL,8.164762496948242,0.02379862355547724
1150,1967,NZL,-3.2897260189056396,-0.13375514907145636
1151,1968,NZL,-2.773900032043457,0.12179845634701403
1152,1969,NZL,6.682961463928223,0.0516172040218541
1153,1970,NZL,3.3136842250823975,0.028652811979677617
1154,1971,NZL,2.709099769592285,-0.08107408310625264
1155,1972,NZL,1.609102487564087,0.031035925464302005
1156,1973,NZL,9.017826080322266,0.05300211154338719
1157,1974,NZL,11.305688858032227,0.12788625493291073
1158,1975,NZL,-5.142147064208984,-0.008911699583305288
1159,1976,NZL,3.2516725063323975,0.06316549074490463
1160,1977,NZL,-1.3422670364379883,-0.03752462359479625
1161,1978,NZL,-6.370534896850586,-0.027986527606791878
1162,1979,NZL,1.4955525398254395,0.13248759408033517
1163,1980,NZL,0.3906232714653015,-0.005134896107739317
1164,1981,NZL,4.657911777496338,0.009337792360660568
1165,1982,NZL,3.3660905361175537,-0.024799971219122252
1166,1983,NZL,1.1072235107421875,-0.007357511988710708
1167,1984,NZL,8.519471168518066,0.13714699435274325
1168,1985,NZL,1.6158040761947632,-0.08240640949261235
1169,1986,NZL,0.5927798748016357,-0.12171249781344973
1170,1987,NZL,1.112186312675476,-0.05149501566694181
1171,1988,NZL,1.391568660736084,-0.039669997406745705
1172,1989,NZL,1.4785467386245728,0.07523174779382424
1173,1990,NZL,1.0629488229751587,0.017355238699833464
1174,1991,NZL,-2.1674726009368896,0.03882427157895574
1175,1992,NZL,0.8237914443016052,0.08479784028057602
1176,1993,NZL,4.93705415725708,-0.027368909940353126
1177,1994,NZL,6.676990032196045,0.02349006680661203
1178,1995,NZL,4.345060348510742,-0.03510946702426687
1179,1996,NZL,3.74208664894104,-0.03160282977163775
1180,1997,NZL,2.9735267162323,0.0023807895214780217
1181,1998,NZL,0.785016655921936,0.04793149504438121
1182,1999,NZL,4.460721015930176,0.060553086354927954
1183,2000,NZL,4.081916332244873,0.1158978411344529
1184,2001,NZL,2.2019402980804443,-0.018734921735323096
1185,2002,NZL,5.083129405975342,-0.06808819310159775
1186,2003,NZL,4.613442897796631,-0.07567080566905005
1187,2004,NZL,4.404047966003418,0.015283838647723202
1188,2005,NZL,2.5573744773864746,-0.013273485189523204
1189,2006,NZL,2.7527875900268555,0.026653303331899858
1190,2007,NZL,3.9478018283843994,-0.020058301852772686
1191,2008,NZL,-0.4224473834037781,0.10220799447397466
1192,2009,NZL,0.34544476866722107,-0.14261515835507554
1193,2010,NZL,1.9745292663574219,0.05553952186320865
1194,2011,NZL,1.9016196727752686,0.016405076352586923
1195,2012,NZL,2.562242031097412,-0.03637839246264729
1196,2013,NZL,2.194247245788574,-0.017089102691908553
1197,2014,NZL,3.173671007156372,-0.015334410170941615
1198,2015,NZL,4.159860134124756,-0.007623726570602174
1199,2016,NZL,4.140786647796631,-0.048170347636687705
1200,2017,NZL,,0.04336168064467394
1201,1960,NOR,,
1202,1961,NOR,6.274669647216797,-0.020685571518142987
1203,1962,NOR,2.813612461090088,-0.03882622198142249
1204,1963,NOR,3.7853751182556152,0.015763285867057775
1205,1964,NOR,5.008849620819092,0.018653915686085876
1206,1965,NOR,5.285113334655762,0.0006731066243577111
1207,1966,NOR,3.7862930297851562,0.010050941532994129
1208,1967,NOR,6.256252288818359,0.03091936837399678
1209,1968,NOR,2.259854316711426,-0.016353545866681363
1210,1969,NOR,4.504469871520996,-0.021298820070190683
1211,1970,NOR,1.998709797859192,0.02984520803324231
1212,1971,NOR,5.130681037902832,-0.0202539201705777
1213,1972,NOR,5.0931196212768555,-0.04077730833641291
1214,1973,NOR,4.413301944732666,0.08754086629753588
1215,1974,NOR,4.192111015319824,0.09570748892211012
1216,1975,NOR,5.227820873260498,-0.05351454333971539
1217,1976,NOR,5.863085746765137,0.029641195649483976
1218,1977,NOR,4.267425060272217,-0.03271310743511413
1219,1978,NOR,3.4877688884735107,-0.07811964896433565
1220,1979,NOR,4.372599124908447,0.0638564675972828
1221,1980,NOR,4.564661026000977,0.04341846843458552
1222,1981,NOR,1.5982247591018677,-0.014138939087645741
1223,1982,NOR,0.23545631766319275,-0.019221615253249613
1224,1983,NOR,3.972783088684082,-0.027395837900976105
1225,1984,NOR,6.052259922027588,0.013748765360335424
1226,1985,NOR,5.553370475769043,0.01273446831545999
1227,1986,NOR,4.042327880859375,-0.08055907387426842
1228,1987,NOR,1.7534047365188599,-0.06838858260462877
1229,1988,NOR,-0.2553142309188843,-0.003436448073640408
1230,1989,NOR,1.038252592086792,0.08634590631205397
1231,1990,NOR,1.9323859214782715,0.02003189815075035
1232,1991,NOR,3.0848004817962646,-0.026360956914597278
1233,1992,NOR,3.57434344291687,-0.042565498170383576
1234,1993,NOR,2.845310926437378,0.00563518821250808
1235,1994,NOR,5.055451393127441,0.009984719829746247
1236,1995,NOR,4.153936862945557,-0.005847943856712612
1237,1996,NOR,5.028000354766846,0.04090652369043868
1238,1997,NOR,5.2846455574035645,0.02730622564115981
1239,1998,NOR,2.6244678497314453,-0.014257036714740323
1240,1999,NOR,2.01326322555542,-0.02796330005178982
1241,2000,NOR,3.205289602279663,0.06590439111683488
1242,2001,NOR,2.0853309631347656,-0.018163066644367398
1243,2002,NOR,1.437772512435913,-0.07669791336820164
1244,2003,NOR,0.9197606444358826,-0.015718948151744128
1245,2004,NOR,3.9590957164764404,0.03702588982765764
1246,2005,NOR,2.6246676445007324,0.026094222943127354
1247,2006,NOR,2.3951077461242676,0.021706041909489215
1248,2007,NOR,2.9850387573242188,0.010623347548725404
1249,2008,NOR,0.4807744026184082,0.022996765343023418
1250,2009,NOR,-1.6909887790679932,-0.10502675906102166
1251,2010,NOR,0.6915914416313171,0.018068565685267046
1252,2011,NOR,0.972000002861023,0.020629683873419236
1253,2012,NOR,2.7216103076934814,-0.021275537980681047
1254,2013,NOR,1.0444279909133911,-0.009144971851009598
1255,2014,NOR,1.9750901460647583,0.015897157046931953
1256,2015,NOR,1.9700615406036377,0.018135771076544405
1257,2016,NOR,1.091428279876709,-0.014484243940486863
1258,2017,NOR,,0.007150154850737334
1259,1991,POL,-7.015578746795654,
1260,1992,POL,2.5149786472320557,-0.06310623577490448
1261,1993,POL,3.7383103370666504,-0.021068123163846875
1262,1994,POL,5.292801856994629,0.005370884446274982
1263,1995,POL,6.95185661315918,0.07212990334029379
1264,1996,POL,6.312030792236328,0.04114506052077482
1265,1997,POL,6.98660945892334,0.10991403290648116
1266,1998,POL,4.915771961212158,0.12256839866275548
1267,1999,POL,4.450287342071533,-0.04657410945377238
1268,2000,POL,4.473235607147217,0.12530187032802087
1269,2001,POL,1.2778900861740112,-0.0446659957289407
1270,2002,POL,1.4446218013763428,0.04905891957110131
1271,2003,POL,3.5624852180480957,0.1397294482110445
1272,2004,POL,5.135629177093506,0.025575011474378906
1273,2005,POL,3.493739366531372,-0.013174669797735628
1274,2006,POL,6.179669380187988,0.10695744259406226
1275,2007,POL,7.034855365753174,0.03690138458767733
1276,2008,POL,4.249690532684326,0.0011462646599389448
1277,2009,POL,2.8202168941497803,-0.06846123421542283
1278,2010,POL,3.6070029735565186,0.09148988692858628
1279,2011,POL,5.017291069030762,0.06058338545959763
1280,2012,POL,1.607879638671875,0.025777100210007342
1281,2013,POL,1.3919246196746826,0.01527413854597448
1282,2014,POL,3.283100128173828,0.03313483701844899
1283,2015,POL,3.844569206237793,0.023542609511603807
1284,2016,POL,2.9696414470672607,0.04640021421691687
1285,2017,POL,,0.041959010569720734
1286,1975,PRT,-4.347630977630615,
1287,1976,PRT,6.900230884552002,-0.0919406820637988
1288,1977,PRT,5.602597236633301,0.0746036325681596
1289,1978,PRT,2.8159661293029785,0.014860354275544552
1290,1979,PRT,5.638937473297119,0.23347148784998084
1291,1980,PRT,4.5893402099609375,0.06902842998817005
1292,1981,PRT,1.6181035041809082,0.024725292963059475
1293,1982,PRT,2.1353752613067627,0.003347519772537
1294,1983,PRT,-0.17311306297779083,0.056764065692509025
1295,1984,PRT,-1.8799796104431152,0.09306856721853518
1296,1985,PRT,2.8074395656585693,-0.04495694138584727
1297,1986,PRT,4.140955448150635,-0.12185942597351329
1298,1987,PRT,6.381393909454346,0.10284828259732581
1299,1988,PRT,7.489108085632324,0.060823335586204896
1300,1989,PRT,6.440639019012451,0.02641570703180829
1301,1990,PRT,3.9505233764648438,0.0028783169870501
1302,1991,PRT,4.36820650100708,-0.07207624088915932
1303,1992,PRT,1.089476466178894,-0.06724434232236287
1304,1993,PRT,-2.0432770252227783,-0.03786443842592724
1305,1994,PRT,0.9648382067680359,0.05541482196123426
1306,1995,PRT,4.282780170440674,0.047870152114000586
1307,1996,PRT,3.49668288230896,0.005027790561475065
1308,1997,PRT,4.426210403442383,0.0345314917910724
1309,1998,PRT,4.791772365570068,0.024457148655159466
1310,1999,PRT,3.8882133960723877,-0.008109927679817885
1311,2000,PRT,3.787493944168091,0.06525521391088263
1312,2001,PRT,1.943305253982544,-0.0349927525151138
1313,2002,PRT,0.7687956690788269,-0.04461771982873486
1314,2003,PRT,-0.934205174446106,-0.02771478281013595
1315,2004,PRT,1.8115830421447754,0.038464204882105335
1316,2005,PRT,0.7667844295501709,-0.0030460631410426098
1317,2006,PRT,1.5530544519424438,0.08791883883794305
1318,2007,PRT,2.4920012950897217,0.02321095106080162
1319,2008,PRT,0.19927281141281128,0.03316795179768062
1320,2009,PRT,-2.978104829788208,-0.15120270282100623
1321,2010,PRT,1.8986917734146118,0.10187193405354233
1322,2011,PRT,-1.8268529176712036,0.08259479071716225
1323,2012,PRT,-4.028256893157959,0.04206583563763022
1324,2013,PRT,-1.1301558017730713,0.027636095634656188
1325,2014,PRT,0.8931871056556702,0.02476580644681725
1326,2015,PRT,1.8220674991607666,0.0032917811774049177
1327,2016,PRT,1.61941397190094,-0.027368972673159964
1328,2017,PRT,,0.02476580644681725
1329,1990,ROU,,
1330,1991,ROU,-13.080788612365723,-0.08744039566303752
1331,1992,ROU,-8.724016189575195,0.6348089998313897
1332,1993,ROU,1.5209869146347046,-0.2028625315401802
1333,1994,ROU,3.934633731842041,0.017073035040679363
1334,1995,ROU,7.139304161071777,0.1726280668883986
1335,1996,ROU,3.869790554046631,0.07912382511532146
1336,1997,ROU,-4.816145420074463,0.03909889223918195
1337,1998,ROU,-2.087256908416748,-0.14764019832251174
1338,1999,ROU,-0.4015272557735443,0.12059932027170439
1339,2000,ROU,2.3951046466827393,0.17998593945890784
1340,2001,ROU,5.591979026794434,0.03937704940752362
1341,2002,ROU,5.184204578399658,0.03472579001907006
1342,2003,ROU,5.524260997772217,0.006092634768018579
1343,2004,ROU,8.358620643615723,0.048375468910063724
1344,2005,ROU,4.171899795532227,-0.05343427514468502
1345,2006,ROU,8.05557632446289,0.0016466981088587573
1346,2007,ROU,6.86375093460083,-0.06935858844251863
1347,2008,ROU,8.259858131408691,-0.07575862042656867
1348,2009,ROU,-5.910356044769287,-0.09326066382443754
1349,2010,ROU,-2.8116037845611572,0.20227962303677627
1350,2011,ROU,2.0297815799713135,0.11740460755567339
1351,2012,ROU,1.2381986379623413,0.002708763329380748
1352,2013,ROU,3.5315937995910645,0.004637075124596768
1353,2014,ROU,3.076301336288452,0.0317831198533689
1354,2015,ROU,3.973820924758911,-0.002102906338022348
1355,2016,ROU,4.820761203765869,0.01112943485304796
1356,2017,ROU,,0.017298012160948284
1357,1990,SVK,,
1358,1991,SVK,,0.5410697019814483
1359,1992,SVK,,0.5121404431034278
1360,1993,SVK,7.109809398651123,-0.15559849478942933
1361,1994,SVK,6.205530166625977,-0.03195032060076608
1362,1995,SVK,5.8434953689575195,0.0009547187943728108
1363,1996,SVK,6.757147312164307,0.035823992276041716
1364,1997,SVK,6.067543029785156,0.0374707198977986
1365,1998,SVK,4.011813640594482,-0.13065497303012863
1366,1999,SVK,-0.205069437623024,-0.043934019872558516
1367,2000,SVK,1.2101733684539795,0.11416386731897088
1368,2001,SVK,3.3164682388305664,0.11667813917690606
1369,2002,SVK,4.522792339324951,-0.011483178498506663
1370,2003,SVK,5.418715953826904,0.03344542092587233
1371,2004,SVK,5.258836269378662,0.10990236215484273
1372,2005,SVK,6.750960826873779,0.06076976751154728
1373,2006,SVK,8.452887535095215,0.11670547500191697
1374,2007,SVK,10.799576759338379,0.00987646290363653
1375,2008,SVK,5.629778861999512,-0.02832930460801486
1376,2009,SVK,-5.422542095184326,-0.1609333118095958
1377,2010,SVK,5.041716575622559,0.12744263961990154
1378,2011,SVK,2.8190994262695312,0.10955398639139768
1379,2012,SVK,1.6571487188339233,0.04786913353125799
1380,2013,SVK,1.490646481513977,0.023503032190269835
1381,2014,SVK,2.7503349781036377,-0.01704801655348398
1382,2015,SVK,3.850100517272949,0.015752822849941284
1383,2016,SVK,3.324695348739624,0.00477449872678215
1384,2017,SVK,,0.03633996945535989
1385,1990,SVN,,
1386,1991,SVN,-8.9,-0.06788564059760094
1387,1992,SVN,-5.464,-0.24371702382686034
1388,1993,SVN,2.843,-0.0241075280364228
1389,1994,SVN,5.327,0.011485911544820926
1390,1995,SVN,4.107,-0.12345477548348494
1391,1996,SVN,3.5162811279296875,0.0017599421377161306
1392,1997,SVN,5.1143798828125,0.02881932810760568
1393,1998,SVN,3.2856316566467285,0.004660627734461853
1394,1999,SVN,5.274353981018066,-0.04284080747283758
1395,2000,SVN,4.155433654785156,0.11929296516969301
1396,2001,SVN,2.9493653774261475,0.00829096703192822
1397,2002,SVN,3.8363053798675537,-0.011589966203903512
1398,2003,SVN,2.842083215713501,-0.011793614647077066
1399,2004,SVN,4.351795673370361,0.09077207088538164
1400,2005,SVN,4.003007411956787,0.07560261490019049
1401,2006,SVN,5.655999183654785,0.0804783071433044
1402,2007,SVN,6.941645622253418,0.054492245744314216
1403,2008,SVN,3.3001301288604736,-0.017200275474020477
1404,2009,SVN,-7.797276496887207,-0.16048240588679497
1405,2010,SVN,1.2377560138702393,0.12897577175635888
1406,2011,SVN,0.6493669748306274,0.09258203274624366
1407,2012,SVN,-2.6695821285247803,0.022453015319737757
1408,2013,SVN,-1.1320549249649048,0.010163956817969
1409,2014,SVN,2.979196310043335,0.005557069564084083
1410,2015,SVN,2.2589023113250732,0.007087297483507005
1411,2016,SVN,3.148355484008789,0.007395314488415572
1412,2017,SVN,,0.065991342440896
1413,1977,ESP,2.8393027782440186,
1414,1978,ESP,1.4633471965789795,-0.049014802033802374
1415,1979,ESP,0.04329170659184456,0.003937793524469324
1416,1980,ESP,1.2981891632080078,0.13349366690753772
1417,1981,ESP,-0.13411082327365875,0.12108191811322411
1418,1982,ESP,1.246799111366272,0.032486796538935714
1419,1983,ESP,1.7704466581344604,0.08881346050296668
1420,1984,ESP,1.783409833908081,0.044821676996497306
1421,1985,ESP,2.3220927715301514,-0.01625949616451483
1422,1986,ESP,3.2533416748046875,-0.13503041054851384
1423,1987,ESP,5.5477495193481445,0.02732431553608028
1424,1988,ESP,5.093198299407959,0.01071728509743819
1425,1989,ESP,4.827885627746582,0.01807568355854472
1426,1990,ESP,3.783446788787842,-0.047455136748434046
1427,1991,ESP,2.5430028438568115,-0.003693852930449326
1428,1992,ESP,0.9306668639183044,0.014113801394146419
1429,1993,ESP,-1.031489372253418,0.02722773789352262
1430,1994,ESP,2.382228374481201,0.1271189098069152
1431,1995,ESP,2.7582175731658936,0.07517987509473412
1432,1996,ESP,2.67464280128479,0.03341826850474017
1433,1997,ESP,3.6898932456970215,0.10714438351232358
1434,1998,ESP,4.305708408355713,0.030647320014232093
1435,1999,ESP,4.4849066734313965,0.03544609189353398
1436,2000,ESP,5.28909969329834,0.10047453279756957
1437,2001,ESP,4.001073837280273,-0.035918790567322945
1438,2002,ESP,2.879876136779785,-0.053230214608355864
1439,2003,ESP,3.1875715255737305,-0.034037698293613694
1440,2004,ESP,3.166642189025879,0.02073171902739479
1441,2005,ESP,3.723106622695923,0.0022623950287443684
1442,2006,ESP,4.174123287200928,0.024370246052690447
1443,2007,ESP,3.7689924240112305,0.03139081773799779
1444,2008,ESP,1.1175966262817383,-0.02871680295214163
1445,2009,ESP,-3.5736653804779053,-0.1660881241466461
1446,2010,ESP,0.014063877984881401,0.12573595829426298
1447,2011,ESP,-0.9987649321556091,0.10970822204140829
1448,2012,ESP,-2.927750587463379,0.03176405917492464
1449,2013,ESP,-1.7057050466537476,0.020831908086514028
1450,2014,ESP,1.3799972534179688,0.029696980791969585
1451,2015,ESP,3.432253360748291,0.008584925472808091
1452,2016,ESP,3.2744626998901367,-0.007231029211349771
1453,2017,ESP,,0.0418002515938638
1454,1960,SWE,,
1455,1961,SWE,5.68129301071167,-0.051791218665959926
1456,1962,SWE,4.259047031402588,-0.017144041835657653
1457,1963,SWE,5.3279337882995605,0.004096287498900342
1458,1964,SWE,6.821164608001709,0.01731368233665398
1459,1965,SWE,3.821507692337036,0.00431231379062047
1460,1966,SWE,2.0908443927764893,-0.023389198583692483
1461,1967,SWE,3.3653886318206787,-0.029245019209225176
1462,1968,SWE,3.638505697250366,0.02520509364604795
1463,1969,SWE,5.009075164794922,0.06356826158806372
1464,1970,SWE,6.4736738204956055,0.06199523804249285
1465,1971,SWE,0.9446462392807007,-0.025010030464206356
1466,1972,SWE,2.28873872756958,-0.013447151177743755
1467,1973,SWE,3.9679811000823975,0.1108425929792416
1468,1974,SWE,3.198195695877075,0.2512114909131691
1469,1975,SWE,2.5528626441955566,-0.13317050936326347
1470,1976,SWE,1.0581048727035522,0.0080517542744305
1471,1977,SWE,-1.5962586402893066,-0.009242127674447986
1472,1978,SWE,1.7515480518341064,-0.01746813556455795
1473,1979,SWE,3.840003490447998,0.11466202387587154
1474,1980,SWE,1.6999714374542236,-0.005043688037128291
1475,1981,SWE,0.45483043789863586,-0.0021660027308174623
1476,1982,SWE,1.2486646175384521,0.08809780337402606
1477,1983,SWE,1.9006386995315552,0.060324410872901524
1478,1984,SWE,4.229535102844238,-0.0017066072263185461
1479,1985,SWE,2.1603736877441406,-0.0030828398380805533
1480,1986,SWE,2.6913232803344727,-0.08972596807127797
1481,1987,SWE,3.3538429737091064,0.007425699560994037
1482,1988,SWE,2.5590386390686035,-0.005664626954380081
1483,1989,SWE,2.6548068523406982,0.011632618895477176
1484,1990,SWE,0.7546747326850891,-0.05447123204656279
1485,1991,SWE,-1.14597487449646,-0.08458676801199017
1486,1992,SWE,-1.158592700958252,-0.006205312937349383
1487,1993,SWE,-2.0656163692474365,0.1453102007075735
1488,1994,SWE,3.920518636703491,0.09598050914238088
1489,1995,SWE,4.242284297943115,0.07241018287229783
1490,1996,SWE,1.5422667264938354,-0.03081822036463222
1491,1997,SWE,3.1160268783569336,0.08380934945913365
1492,1998,SWE,4.1296610832214355,0.035147562848713676
1493,1999,SWE,4.273313999176025,0.0038798668090029853
1494,2000,SWE,4.883762359619141,0.08295083297395012
1495,2001,SWE,1.7146621942520142,-0.012921195316691558
1496,2002,SWE,2.0832037925720215,-0.04204653920743018
1497,2003,SWE,2.520733118057251,-0.02172599580267831
1498,2004,SWE,3.8063743114471436,0.041418483658415495
1499,2005,SWE,2.812434673309326,0.06661772788446196
1500,2006,SWE,4.939091205596924,0.04977569090256084
1501,2007,SWE,3.5314366817474365,0.008469353845855565
1502,2008,SWE,-0.719663679599762,0.042641896736971274
1503,2009,SWE,-5.116741180419922,-0.10929987172746025
1504,2010,SWE,5.696690559387207,0.04519287300413666
1505,2011,SWE,2.7325069904327393,0.020101395717465165
1506,2012,SWE,0.039674632251262665,-0.010560298269845725
1507,2013,SWE,1.2210417985916138,-0.05265206255046029
1508,2014,SWE,2.7097034454345703,0.03200809493989154
1509,2015,SWE,4.272053241729736,0.006356277718753578
1510,2016,SWE,2.9989218711853027,-0.021264465016809675
1511,2017,SWE,,0.03121503255835112
1512,1960,CHE,,
1513,1961,CHE,8.352530479431152,0.024078067672029357
1514,1962,CHE,5.022217750549316,-0.0020467179144001424
1515,1963,CHE,4.956039905548096,-0.014602143047070637
1516,1964,CHE,5.098321914672852,-0.000545397788310864
1517,1965,CHE,3.0649399757385254,-0.01662469775964759
1518,1966,CHE,2.411283016204834,0.006905278730988673
1519,1967,CHE,3.0006866455078125,-0.01609729013408745
1520,1968,CHE,3.6974592208862305,0.041138162754642105
1521,1969,CHE,5.607441425323486,0.06767233662042549
1522,1970,CHE,6.3587541580200195,-0.010194833286908622
1523,1971,CHE,4.075442790985107,-0.05116877628570615
1524,1972,CHE,3.2005085945129395,-0.02487845238308095
1525,1973,CHE,3.049907684326172,0.012312980491934411
1526,1974,CHE,1.454907774925232,0.06402069480670258
1527,1975,CHE,-7.283174514770508,-0.10333995836882459
1528,1976,CHE,-1.4036760330200195,0.065495391337967
1529,1977,CHE,2.43365216255188,0.10664469922216369
1530,1978,CHE,0.409083753824234,-0.042352288100906965
1531,1979,CHE,2.4915120601654053,0.04956188898616576
1532,1980,CHE,4.601977348327637,0.08095588365442796
1533,1981,CHE,1.601928949356079,0.010909422546582226
1534,1982,CHE,-1.3018290996551514,-0.08288737872597629
1535,1983,CHE,0.6028924584388733,-0.011731929567733279
1536,1984,CHE,3.098834276199341,0.05321024770014682
1537,1985,CHE,3.649921178817749,0.01262936274213411
1538,1986,CHE,1.8575726747512817,-0.06357233331137957
1539,1987,CHE,1.5823737382888794,-0.06948891188001127
1540,1988,CHE,3.3110532760620117,0.029579684279698704
1541,1989,CHE,4.392240047454834,0.06024694738176106
1542,1990,CHE,3.565864324569702,-0.06671948058753907
1543,1991,CHE,-0.815568745136261,-0.05326171430482973
1544,1992,CHE,-0.16758035123348236,0.0074375318872601515
1545,1993,CHE,-0.12415048480033875,-0.01697835530262337
1546,1994,CHE,1.3238459825515747,-0.019440487566128373
1547,1995,CHE,0.5392927527427673,0.001862451970259027
1548,1996,CHE,0.5668942928314209,0.033393976624358945
1549,1997,CHE,2.3027894496917725,0.12178635993873255
1550,1998,CHE,2.9313480854034424,-0.0056686080826953145
1551,1999,CHE,1.7053284645080566,0.013604033655506553
1552,2000,CHE,4.044431209564209,0.08915181232398739
1553,2001,CHE,1.2799385786056519,-0.019793977102224414
1554,2002,CHE,0.18514136970043182,-0.05210562821522058
1555,2003,CHE,0.06210386008024216,-0.017806648884847842
1556,2004,CHE,2.6357028484344482,0.04984535892478381
1557,2005,CHE,3.1682724952697754,0.06742289681469438
1558,2006,CHE,4.063371181488037,0.04174233378318304
1559,2007,CHE,4.0901689529418945,0.06499467076421439
1560,2008,CHE,2.104240655899048,0.03116047035824865
1561,2009,CHE,-2.2080495357513428,-0.0683850934923862
1562,2010,CHE,2.8747775554656982,0.09653025992656894
1563,2011,CHE,1.8345228433609009,0.04472410752207634
1564,2012,CHE,0.9895164966583252,0.009683565694282859
1565,2013,CHE,1.8950495719909668,0.06560513056020922
1566,2014,CHE,2.4502899646759033,-0.11332993415611636
1567,2015,CHE,1.165364384651184,-0.03534054822818056
1568,2016,CHE,1.388008713722229,0.0659060305046919
1569,2017,CHE,,-0.008757504589721354
1570,1960,GBR,,
1571,1961,GBR,2.67339825630188,-0.03971336151134297
1572,1962,GBR,1.1028966903686523,-0.026581428136361218
1573,1963,GBR,4.8741278648376465,-0.00021561132891934065
1574,1964,GBR,5.536801338195801,0.0028227926005048865
1575,1965,GBR,2.1390609741210938,-0.03194903163191831
1576,1966,GBR,1.5735909938812256,-0.006673254952914043
1577,1967,GBR,2.7863690853118896,0.00897860255377081
1578,1968,GBR,5.440833568572998,0.11068627335192405
1579,1969,GBR,1.9240474700927734,0.008521311687023969
1580,1970,GBR,2.7079520225524902,0.027433354910845642
1581,1971,GBR,3.484368085861206,-0.008302941003798803
1582,1972,GBR,4.301945686340332,-0.024811264156542
1583,1973,GBR,6.508720874786377,0.1412920038200436
1584,1974,GBR,-2.4634101390838623,0.2382664244111563
1585,1975,GBR,-1.4790616035461426,-0.10209889607146727
1586,1976,GBR,2.9100592136383057,0.08829260627624635
1587,1977,GBR,2.443093776702881,0.02612144930897764
1588,1978,GBR,4.201849460601807,-0.06702583699794573
1589,1979,GBR,3.7414536476135254,-0.005801667778830288
1590,1980,GBR,-2.027768611907959,-0.06148590130226306
1591,1981,GBR,-0.7709899544715881,-0.03748443641414978
1592,1982,GBR,2.0105597972869873,0.004611897114997543
1593,1983,GBR,4.221917629241943,0.02429443202344217
1594,1984,GBR,2.276235580444336,0.09055177748738164
1595,1985,GBR,4.1953253746032715,-0.00837404758288851
1596,1986,GBR,3.124279022216797,-0.08032509027950929
1597,1987,GBR,5.3065595626831055,-0.012488302497416837
1598,1988,GBR,5.747626781463623,-0.0505285818344543
1599,1989,GBR,2.569404363632202,0.0278360175111958
1600,1990,GBR,0.7318004965782166,-0.008980393636092265
1601,1991,GBR,-1.0865432024002075,-0.0609713336620713
1602,1992,GBR,0.373976469039917,0.02189423008336555
1603,1993,GBR,2.5269248485565186,0.07428765670488846
1604,1994,GBR,3.8800384998321533,0.042934175683051246
1605,1995,GBR,2.4697344303131104,-0.010681994204311152
1606,1996,GBR,2.5387349128723145,0.02520330209217536
1607,1997,GBR,4.038166522979736,-0.018917627182696295
1608,1998,GBR,3.137808322906494,-0.03963711378892476
1609,1999,GBR,3.216651439666748,0.01030341512762556
1610,2000,GBR,3.6642024517059326,0.05960180925028369
1611,2001,GBR,2.544130563735962,2.938600077984077e-05
1612,2002,GBR,2.4578776359558105,-0.028301173684913583
1613,2003,GBR,3.325909376144409,-0.01805049052084151
1614,2004,GBR,2.364455223083496,0.0006676036756090298
1615,2005,GBR,3.0960888862609863,0.05133879127523011
1616,2006,GBR,2.455940008163452,0.07439469857270598
1617,2007,GBR,2.3567094802856445,-0.06772042452176597
1618,2008,GBR,-0.47254058718681335,0.07569945945987522
1619,2009,GBR,-4.1877617835998535,-0.032148950374601304
1620,2010,GBR,1.6946078538894653,0.08109158790962612
1621,2011,GBR,1.452565312385559,0.059305806696282604
1622,2012,GBR,1.4813885688781738,-0.014875636428376526
1623,2013,GBR,2.0523884296417236,0.00011327979717035142
1624,2014,GBR,3.054250955581665,-0.05014862197313663
1625,2015,GBR,2.3459393978118896,-0.03087378269363561
1626,2016,GBR,1.9357908964157104,0.033553310540200165
1627,2017,GBR,,0.05881429999602594
1628,1960,USA,,
1629,1961,USA,2.5546228885650635,-0.02581579319497318
1630,1962,USA,6.115243911743164,0.001239024719482007
1631,1963,USA,4.354820251464844,0.001841951540067388
1632,1964,USA,5.767910957336426,0.02723290844182502
1633,1965,USA,6.497448444366455,0.002511109395225697
1634,1966,USA,6.595239162445068,0.037539082702747084
1635,1967,USA,2.743881940841675,0.011281177938478493
1636,1968,USA,4.9091362953186035,0.03594068785925564
1637,1969,USA,3.139314651489258,0.0013634554140127264
1638,1970,USA,0.20219700038433075,0.06923183954997669
1639,1971,USA,3.295475721359253,-0.00010317624826994276
1640,1972,USA,5.263268947601318,0.054237262925785235
1641,1973,USA,5.643122673034668,0.15331348726965555
1642,1974,USA,-0.5171564221382141,0.2573304820062863
1643,1975,USA,-0.1976776123046875,-0.05646826176239694
1644,1976,USA,5.3860907554626465,0.034317304885098876
1645,1977,USA,4.60860013961792,0.02299479401950899
1646,1978,USA,5.561682224273682,0.03380093300661646
1647,1979,USA,3.1756858825683594,0.08268273470010623
1648,1980,USA,-0.24459469318389893,0.09434218953983375
1649,1981,USA,2.594470500946045,-0.03400971862530977
1650,1982,USA,-1.9108926057815552,-0.09724640956330999
1651,1983,USA,4.63245964050293,-0.04967950271457566
1652,1984,USA,7.259084224700928,0.051413721326397654
1653,1985,USA,4.23874044418335,-0.05241967010283399
1654,1986,USA,3.5116171836853027,0.017710888579858697
1655,1987,USA,3.4617438316345215,0.06365257859223394
1656,1988,USA,4.203972816467285,0.06100732297071598
1657,1989,USA,3.680527687072754,0.018092721065962047
1658,1990,USA,1.9193702936172485,0.020599398510336986
1659,1991,USA,-0.0740867629647255,-0.0014443552306401264
1660,1992,USA,3.5553956031799316,0.008295576012877559
1661,1993,USA,2.7458577156066895,0.0047131438218117605
1662,1994,USA,4.037641525268555,0.05042949180378575
1663,1995,USA,2.7189762592315674,0.06639228019715548
1664,1996,USA,3.7958827018737793,0.010407787157211912
1665,1997,USA,4.487026214599609,0.03267323634122876
1666,1998,USA,4.449913024902344,-0.025714167420383682
1667,1999,USA,4.685201644897461,0.019608873958474327
1668,2000,USA,4.092170238494873,0.07605867278980205
1669,2001,USA,0.9759858250617981,-0.08787344326681068
1670,2002,USA,1.7861276865005493,-0.030148894889278854
1671,2003,USA,2.8067758083343506,0.014571908711052073
1672,2004,USA,3.785740852355957,0.08343158147625807
1673,2005,USA,3.345214366912842,0.04942428672327992
1674,2006,USA,2.6666259765625,0.05259625919549227
1675,2007,USA,1.7785736322402954,0.03924327559511753
1676,2008,USA,-0.2916248142719269,0.06907332288827361
1677,2009,USA,-2.775524616241455,-0.1755032321961535
1678,2010,USA,2.53191876411438,0.13864295172750762
1679,2011,USA,1.6014529466629028,0.0973463848926952
1680,2012,USA,2.224027633666992,-0.0071810684819298976
1681,2013,USA,1.6773364543914795,-0.018162344581082457
1682,2014,USA,2.56919527053833,-0.0016146336587479215
1683,2015,USA,2.8615853786468506,-0.07470163066077429
1684,2016,USA,1.4852792024612427,-0.044547852676210975
1685,2017,USA,,0.022645804235400746
