,year,country_code,left_soc_inc,comm_inc,conserv_inc,right_inc,turnout
0,1960,AUS,,,,,95.5
1,1961,AUS,,,-3.6000000000000014,,95.3
2,1962,AUS,,,-3.6000000000000014,,95.3
3,1963,AUS,,,3.5,,95.7
4,1964,AUS,,,3.5,,95.7
5,1965,AUS,,,3.5,,95.7
6,1966,AUS,,,3.0,,95.1
7,1967,AUS,,,3.0,,95.1
8,1968,AUS,,,3.0,,95.1
9,1969,AUS,,,-5.300000000000004,,95.0
10,1970,AUS,,,-5.300000000000004,,95.0
11,1971,AUS,,,-5.300000000000004,,95.0
12,1972,AUS,,,-2.799999999999997,,95.4
13,1973,AUS,,,-2.799999999999997,,95.4
14,1974,AUS,,,2.8999999999999986,,95.4
15,1975,AUS,,,6.899999999999999,,95.4
16,1976,AUS,,,6.899999999999999,,95.4
17,1977,AUS,,,-3.6999999999999957,,95.0
18,1978,AUS,,,-3.6999999999999957,,95.0
19,1979,AUS,,,-3.6999999999999957,,95.0
20,1980,AUS,,,-0.7000000000000028,,94.4
21,1981,AUS,,,-0.7000000000000028,,94.4
22,1982,AUS,,,-0.7000000000000028,,94.4
23,1983,AUS,,,-3.0,,94.6
24,1984,AUS,,,-3.0,,94.2
25,1985,AUS,,,-3.0,,94.2
26,1986,AUS,,,-3.0,,94.2
27,1987,AUS,,,-0.10000000000000142,,93.8
28,1988,AUS,,,-0.10000000000000142,,93.8
29,1989,AUS,,,-0.10000000000000142,,93.8
30,1990,AUS,,,0.7000000000000028,,95.3
31,1991,AUS,,,0.7000000000000028,,95.3
32,1992,AUS,,,0.7000000000000028,,95.3
33,1993,AUS,,,2.1000000000000014,,95.8
34,1994,AUS,,,2.1000000000000014,,95.8
35,1995,AUS,,,2.1000000000000014,,95.8
36,1996,AUS,,,1.6000000000000014,,95.8
37,1997,AUS,,,1.6000000000000014,,95.8
38,1998,AUS,,,-4.5,8.4,95.0
39,1999,AUS,,,-4.5,8.4,95.0
40,2000,AUS,,,-4.5,8.4,95.0
41,2001,AUS,,,3.1999999999999957,-4.1000000000000005,94.9
42,2002,AUS,,,3.1999999999999957,-4.1000000000000005,94.9
43,2003,AUS,,,3.1999999999999957,-4.1000000000000005,94.9
44,2004,AUS,,,3.3999999999999986,-4.3,94.3
45,2005,AUS,,,3.3999999999999986,-4.3,94.3
46,2006,AUS,,,3.3999999999999986,-4.3,94.3
47,2007,AUS,,,-2.1999999999999957,-4.3,94.8
48,2008,AUS,,,-2.1999999999999957,-4.3,94.8
49,2009,AUS,,,-2.1999999999999957,-4.3,94.8
50,2010,AUS,,,0.9999999999999929,-4.3,93.2
51,2011,AUS,,,0.9999999999999929,-4.3,93.2
52,2012,AUS,,,0.9999999999999929,-4.3,93.2
53,2013,AUS,,,-0.7999999999999972,-4.3,93.2
54,2014,AUS,,,-0.7999999999999972,-4.3,93.2
55,2015,AUS,,,-0.7999999999999972,-4.3,93.2
56,2016,AUS,,,-1.5999999999999943,-4.3,91.0
57,2017,AUS,,,-1.5999999999999943,-4.3,91.0
58,1960,AUT,,,,,94.2
59,1961,AUT,,,,,94.2
60,1962,AUT,,-0.2999999999999998,,,93.8
61,1963,AUT,,-0.2999999999999998,,,93.8
62,1964,AUT,,-0.2999999999999998,,,93.8
63,1965,AUT,,-0.2999999999999998,,,93.8
64,1966,AUT,,-3.0,,,93.8
65,1967,AUT,,-3.0,,,93.8
66,1968,AUT,,-3.0,,,93.8
67,1969,AUT,,-3.0,,,93.8
68,1970,AUT,,-3.0,,,91.8
69,1971,AUT,,-3.0,,,92.4
70,1972,AUT,,-3.0,,,92.4
71,1973,AUT,,-3.0,,,92.4
72,1974,AUT,,-3.0,,,92.4
73,1975,AUT,,-3.0,,,92.9
74,1976,AUT,,-3.0,,,92.9
75,1977,AUT,,-3.0,,,92.9
76,1978,AUT,,-3.0,,,92.9
77,1979,AUT,,-3.0,,,92.2
78,1980,AUT,,-3.0,,,92.2
79,1981,AUT,,-3.0,,,92.2
80,1982,AUT,,-3.0,,,92.2
81,1983,AUT,,-3.0,,,92.6
82,1984,AUT,,-3.0,,,92.6
83,1985,AUT,,-3.0,,,92.6
84,1986,AUT,,-3.0,,9.7,90.5
85,1987,AUT,,-3.0,,9.7,90.5
86,1988,AUT,,-3.0,,9.7,90.5
87,1989,AUT,,-3.0,,9.7,90.5
88,1990,AUT,,-3.0,,6.900000000000002,83.7
89,1991,AUT,,-3.0,,6.900000000000002,83.7
90,1992,AUT,,-3.0,,6.900000000000002,83.7
91,1993,AUT,,-3.0,,6.900000000000002,83.7
92,1994,AUT,,-3.0,,5.899999999999999,81.9
93,1995,AUT,,-3.0,,-0.6000000000000014,86.0
94,1996,AUT,,-3.0,,-0.6000000000000014,86.0
95,1997,AUT,,-3.0,,-0.6000000000000014,86.0
96,1998,AUT,,-3.0,,-0.6000000000000014,86.0
97,1999,AUT,,-3.0,,5.0,80.4
98,2000,AUT,,-3.0,,5.0,80.4
99,2001,AUT,,-3.0,,5.0,80.4
100,2002,AUT,,-3.0,,-16.9,84.3
101,2003,AUT,,-3.0,,-16.9,84.3
102,2004,AUT,,-3.0,,-16.9,84.3
103,2005,AUT,,-3.0,,-16.9,84.3
104,2006,AUT,,-3.0,,5.1,78.5
105,2007,AUT,,-3.0,,5.1,78.5
106,2008,AUT,,-3.0,,13.1,78.8
107,2009,AUT,,-3.0,,13.1,78.8
108,2010,AUT,,-3.0,,13.1,78.8
109,2011,AUT,,-3.0,,13.1,78.8
110,2012,AUT,,-3.0,,13.1,78.8
111,2013,AUT,,-3.0,,-4.099999999999998,74.1
112,2014,AUT,,-3.0,,-4.099999999999998,74.1
113,2015,AUT,,-3.0,,-4.099999999999998,74.1
114,2016,AUT,,-3.0,,-4.099999999999998,74.1
115,2017,AUT,,-3.0,,1.8999999999999986,80.0
116,1960,BEL,,,,,93.6
117,1961,BEL,,3.1,,,92.3
118,1962,BEL,,3.1,,,92.3
119,1963,BEL,,3.1,,,92.3
120,1964,BEL,,3.1,,,92.3
121,1965,BEL,,1.4999999999999996,,,91.6
122,1966,BEL,,1.4999999999999996,,,91.6
123,1967,BEL,,1.4999999999999996,,,91.6
124,1968,BEL,,-1.2999999999999998,,,90.0
125,1969,BEL,,-1.2999999999999998,,,90.0
126,1970,BEL,,-1.2999999999999998,,,90.0
127,1971,BEL,,-0.19999999999999973,,,91.5
128,1972,BEL,,-0.19999999999999973,,,91.5
129,1973,BEL,,-0.19999999999999973,,,91.5
130,1974,BEL,,0.10000000000000009,,,90.3
131,1975,BEL,,0.10000000000000009,,,90.3
132,1976,BEL,,0.10000000000000009,,,90.3
133,1977,BEL,,-0.5,,,95.1
134,1978,BEL,,0.5999999999999996,,,94.8
135,1979,BEL,,0.5999999999999996,,,94.8
136,1980,BEL,,0.5999999999999996,,,94.8
137,1981,BEL,,-1.0,,2.7,94.6
138,1982,BEL,,-1.0,,2.7,94.6
139,1983,BEL,,-1.0,,2.7,94.6
140,1984,BEL,,-1.0,,2.7,94.6
141,1985,BEL,,-2.3,,-2.7,93.6
142,1986,BEL,,-2.3,,-2.7,93.6
143,1987,BEL,,-2.3,,-2.7,93.4
144,1988,BEL,,-2.3,,-2.7,93.4
145,1989,BEL,,-2.3,,-2.7,93.4
146,1990,BEL,,-2.3,,-2.7,93.4
147,1991,BEL,,-2.3,,6.6,92.7
148,1992,BEL,,-2.3,,6.6,92.7
149,1993,BEL,,-2.3,,6.6,92.7
150,1994,BEL,,-2.3,,6.6,92.7
151,1995,BEL,,-2.3,,3.5,91.1
152,1996,BEL,,-2.3,,3.5,91.1
153,1997,BEL,,-2.3,,3.5,91.1
154,1998,BEL,,-2.3,,3.5,91.1
155,1999,BEL,,-2.3,,-0.1999999999999993,90.6
156,2000,BEL,,-2.3,,-0.1999999999999993,90.6
157,2001,BEL,,-2.3,,-0.1999999999999993,90.6
158,2002,BEL,,-2.3,,-0.1999999999999993,90.6
159,2003,BEL,,-2.3,,3.799999999999999,91.6
160,2004,BEL,,-2.3,,3.799999999999999,91.6
161,2005,BEL,,-2.3,,3.799999999999999,91.6
162,2006,BEL,,-2.3,,3.799999999999999,91.6
163,2007,BEL,,-2.3,,0.3000000000000007,91.1
164,2008,BEL,,-2.3,,0.3000000000000007,91.1
165,2009,BEL,,-2.3,,0.3000000000000007,91.1
166,2010,BEL,,-2.3,,-6.2,89.2
167,2011,BEL,,-2.3,,-6.2,89.2
168,2012,BEL,,-2.3,,-6.2,89.2
169,2013,BEL,,-2.3,,-6.2,89.2
170,2014,BEL,2.0,-2.3,,-4.1,89.4
171,2015,BEL,2.0,-2.3,,-4.1,89.4
172,2016,BEL,2.0,-2.3,,-4.1,89.4
173,2017,BEL,2.0,-2.3,,-4.1,89.4
174,1990,BGR,,,,,90.6
175,1991,BGR,,,,,83.9
176,1992,BGR,,,,,83.9
177,1993,BGR,,,,,83.9
178,1994,BGR,,,,,75.2
179,1995,BGR,,,,,75.2
180,1996,BGR,,,,,75.2
181,1997,BGR,,,,,58.9
182,1998,BGR,,,,,58.9
183,1999,BGR,,,,,58.9
184,2000,BGR,,,,,58.9
185,2001,BGR,17.2,,,3.6,66.6
186,2002,BGR,17.2,,,3.6,66.6
187,2003,BGR,17.2,,,3.6,66.6
188,2004,BGR,17.2,,,3.6,66.6
189,2005,BGR,13.8,,,4.5,55.8
190,2006,BGR,13.8,,,4.5,55.8
191,2007,BGR,13.8,,,4.5,55.8
192,2008,BGR,13.8,,,4.5,55.8
193,2009,BGR,-13.2,,44.0,1.3000000000000007,61.0
194,2010,BGR,-13.2,,44.0,1.3000000000000007,61.0
195,2011,BGR,-13.2,,44.0,1.3000000000000007,61.0
196,2012,BGR,-13.2,,44.0,1.3000000000000007,61.0
197,2013,BGR,8.8,,-10.600000000000001,1.5999999999999996,51.4
198,2014,BGR,-11.200000000000001,,13.900000000000006,0.8000000000000007,51.1
199,2015,BGR,-11.200000000000001,,13.900000000000006,0.8000000000000007,51.1
200,2016,BGR,-11.200000000000001,,13.900000000000006,0.8000000000000007,51.1
201,2017,BGR,12.499999999999998,,-10.700000000000003,1.8000000000000007,54.1
202,1960,CAN,,,,,80.6
203,1961,CAN,,,,,80.6
204,1962,CAN,,,-16.300000000000004,,80.1
205,1963,CAN,,,-4.5,,80.3
206,1964,CAN,,,-4.5,,80.3
207,1965,CAN,,,-0.3999999999999986,,75.9
208,1966,CAN,,,-0.3999999999999986,,75.9
209,1967,CAN,,,-0.3999999999999986,,75.9
210,1968,CAN,,,-1.0,,75.7
211,1969,CAN,,,-1.0,,75.7
212,1970,CAN,,,-1.0,,75.7
213,1971,CAN,,,-1.0,,75.7
214,1972,CAN,,,3.6000000000000014,,77.2
215,1973,CAN,,,3.6000000000000014,,77.2
216,1974,CAN,,,0.3999999999999986,,71.0
217,1975,CAN,,,0.3999999999999986,,71.0
218,1976,CAN,,,0.3999999999999986,,71.0
219,1977,CAN,,,0.3999999999999986,,71.0
220,1978,CAN,,,0.3999999999999986,,71.0
221,1979,CAN,,,0.5,,75.7
222,1980,CAN,,,-3.3999999999999986,,69.3
223,1981,CAN,,,-3.3999999999999986,,69.3
224,1982,CAN,,,-3.3999999999999986,,69.3
225,1983,CAN,,,-3.3999999999999986,,69.3
226,1984,CAN,,,17.5,,75.7
227,1985,CAN,,,17.5,,75.7
228,1986,CAN,,,17.5,,75.7
229,1987,CAN,,,17.5,,75.7
230,1988,CAN,,,-7.0,,75.5
231,1989,CAN,,,-7.0,,75.5
232,1990,CAN,,,-7.0,,75.5
233,1991,CAN,,,-7.0,,75.5
234,1992,CAN,,,-7.0,,75.5
235,1993,CAN,,,-27.0,,69.6
236,1994,CAN,,,-27.0,,69.6
237,1995,CAN,,,-27.0,,69.6
238,1996,CAN,,,-27.0,,69.6
239,1997,CAN,,,2.6999999999999993,,67.0
240,1998,CAN,,,2.6999999999999993,,67.0
241,1999,CAN,,,2.6999999999999993,,67.0
242,2000,CAN,,,-6.5,,60.5
243,2001,CAN,,,-6.5,,60.5
244,2002,CAN,,,-6.5,,60.5
245,2003,CAN,,,-6.5,,60.5
246,2004,CAN,,,17.400000000000002,,60.9
247,2005,CAN,,,17.400000000000002,,60.9
248,2006,CAN,,,6.699999999999996,,64.7
249,2007,CAN,,,6.699999999999996,,64.7
250,2008,CAN,,,1.4000000000000057,,58.8
251,2009,CAN,,,1.4000000000000057,,58.8
252,2010,CAN,,,1.4000000000000057,,58.8
253,2011,CAN,,,1.8999999999999986,,61.1
254,2012,CAN,,,1.8999999999999986,,61.1
255,2013,CAN,,,1.8999999999999986,,61.1
256,2014,CAN,,,1.8999999999999986,,61.1
257,2015,CAN,,,-7.700000000000003,,68.3
258,2016,CAN,,,-7.700000000000003,,68.3
259,2017,CAN,,,-7.700000000000003,,68.3
260,2000,HRV,,,,,72.9
261,2001,HRV,,,,,72.9
262,2002,HRV,,,,,72.9
263,2003,HRV,,,,1.1000000000000005,62.1
264,2004,HRV,,,,1.1000000000000005,62.1
265,2005,HRV,,,,1.1000000000000005,62.1
266,2006,HRV,,,,1.1000000000000005,62.1
267,2007,HRV,,,,-2.9000000000000004,59.5
268,2008,HRV,,,,-2.9000000000000004,59.5
269,2009,HRV,,,,-2.9000000000000004,59.5
270,2010,HRV,,,,-2.9000000000000004,59.5
271,2011,HRV,5.2,,,2.4000000000000004,54.2
272,2012,HRV,5.2,,,2.4000000000000004,54.2
273,2013,HRV,5.2,,,2.4000000000000004,54.2
274,2014,HRV,5.2,,,2.4000000000000004,54.2
275,2015,HRV,-1.0,,,-5.9,60.8
276,2016,HRV,1.7999999999999998,,,-5.9,52.6
277,2017,HRV,1.7999999999999998,,,-5.9,52.6
278,1976,CYP,,,,,85.3
279,1977,CYP,,,,,85.3
280,1978,CYP,,,,,85.3
281,1979,CYP,,,,,85.3
282,1980,CYP,,,,,85.3
283,1981,CYP,,32.8,7.099999999999994,,95.8
284,1982,CYP,,32.8,7.099999999999994,,95.8
285,1983,CYP,,32.8,7.099999999999994,,95.8
286,1984,CYP,,32.8,7.099999999999994,,95.8
287,1985,CYP,,-5.399999999999999,-1.0999999999999943,,94.6
288,1986,CYP,,-5.399999999999999,-1.0999999999999943,,94.6
289,1987,CYP,,-5.399999999999999,-1.0999999999999943,,94.6
290,1988,CYP,,-5.399999999999999,-1.0999999999999943,,94.6
291,1989,CYP,,-5.399999999999999,-1.0999999999999943,,94.6
292,1990,CYP,,-5.399999999999999,-1.0999999999999943,,94.6
293,1991,CYP,,3.200000000000003,2.1999999999999957,,93.0
294,1992,CYP,,3.200000000000003,2.1999999999999957,,93.0
295,1993,CYP,,3.200000000000003,2.1999999999999957,,93.0
296,1994,CYP,,3.200000000000003,2.1999999999999957,,93.0
297,1995,CYP,,3.200000000000003,2.1999999999999957,,93.0
298,1996,CYP,,2.3999999999999986,-1.2999999999999972,,92.9
299,1997,CYP,,2.3999999999999986,-1.2999999999999972,,92.9
300,1998,CYP,,2.3999999999999986,-1.2999999999999972,,92.9
301,1999,CYP,,2.3999999999999986,-1.2999999999999972,,92.9
302,2000,CYP,,2.3999999999999986,-1.2999999999999972,,92.9
303,2001,CYP,,1.7000000000000028,-0.5,,90.5
304,2002,CYP,,1.7000000000000028,-0.5,,90.5
305,2003,CYP,,1.7000000000000028,-0.5,,90.5
306,2004,CYP,,1.7000000000000028,-0.5,,90.5
307,2005,CYP,,1.7000000000000028,-0.5,,90.5
308,2006,CYP,,-3.6000000000000014,-3.6999999999999993,,89.0
309,2007,CYP,,-3.6000000000000014,-3.6999999999999993,,89.0
310,2008,CYP,,-3.6000000000000014,-3.6999999999999993,,89.0
311,2009,CYP,,-3.6000000000000014,-3.6999999999999993,,89.0
312,2010,CYP,,-3.6000000000000014,-3.6999999999999993,,89.0
313,2011,CYP,,1.6000000000000014,3.9999999999999964,,78.7
314,2012,CYP,,1.6000000000000014,3.9999999999999964,,78.7
315,2013,CYP,,1.6000000000000014,3.9999999999999964,,78.7
316,2014,CYP,,1.6000000000000014,3.9999999999999964,,78.7
317,2015,CYP,,1.6000000000000014,3.9999999999999964,,78.7
318,2016,CYP,,-7.0000000000000036,-3.599999999999998,8.9,66.7
319,2017,CYP,,-7.0000000000000036,-3.599999999999998,8.9,66.7
320,1990,CZE,,,,,96.8
321,1991,CZE,,,,,96.8
322,1992,CZE,-2.7,0.9000000000000004,32.4,6.0,85.0
323,1993,CZE,-2.7,0.9000000000000004,32.4,6.0,85.0
324,1994,CZE,-2.7,0.9000000000000004,32.4,6.0,85.0
325,1995,CZE,-2.7,0.9000000000000004,32.4,6.0,85.0
326,1996,CZE,-2.7,-3.799999999999999,-2.799999999999997,2.0,76.3
327,1997,CZE,-2.7,-3.799999999999999,-2.799999999999997,2.0,76.3
328,1998,CZE,-2.7,0.6999999999999993,-1.9000000000000021,-4.1,73.9
329,1999,CZE,-2.7,0.6999999999999993,-1.9000000000000021,-4.1,73.9
330,2000,CZE,-2.7,0.6999999999999993,-1.9000000000000021,-4.1,73.9
331,2001,CZE,-2.7,0.6999999999999993,-1.9000000000000021,-4.1,73.9
332,2002,CZE,-2.7,7.5,-3.1999999999999993,-3.9,58.0
333,2003,CZE,-2.7,7.5,-3.1999999999999993,-3.9,58.0
334,2004,CZE,-2.7,7.5,-3.1999999999999993,-3.9,58.0
335,2005,CZE,-2.7,7.5,-3.1999999999999993,-3.9,58.0
336,2006,CZE,-2.7,-5.699999999999999,13.0,-3.9,64.5
337,2007,CZE,-2.7,-5.699999999999999,13.0,-3.9,64.5
338,2008,CZE,-2.7,-5.699999999999999,13.0,-3.9,64.5
339,2009,CZE,-2.7,-5.699999999999999,13.0,-3.9,64.5
340,2010,CZE,-2.7,-1.5,10.299999999999997,3.7,62.6
341,2011,CZE,-2.7,-1.5,10.299999999999997,3.7,62.6
342,2012,CZE,-2.7,-1.5,10.299999999999997,3.7,62.6
343,2013,CZE,-2.7,3.5999999999999996,-28.099999999999998,5.7,59.5
344,2014,CZE,-2.7,3.5999999999999996,-28.099999999999998,5.7,59.5
345,2015,CZE,-2.7,3.5999999999999996,-28.099999999999998,5.7,59.5
346,2016,CZE,-2.7,3.5999999999999996,-28.099999999999998,5.7,59.5
347,2017,CZE,-2.7,-7.1000000000000005,2.1000000000000014,1.1999999999999993,60.8
348,1960,DNK,,,,,85.8
349,1961,DNK,,,,,85.8
350,1962,DNK,,,,,85.8
351,1963,DNK,,,,,85.8
352,1964,DNK,-0.2999999999999998,,1.4000000000000021,,85.5
353,1965,DNK,-0.2999999999999998,,1.4000000000000021,,85.5
354,1966,DNK,5.1000000000000005,,-3.900000000000002,,88.6
355,1967,DNK,5.1000000000000005,,-3.900000000000002,,88.6
356,1968,DNK,-2.8000000000000007,,1.6999999999999993,,89.3
357,1969,DNK,-2.8000000000000007,,1.6999999999999993,,89.3
358,1970,DNK,-2.8000000000000007,,1.6999999999999993,,89.3
359,1971,DNK,1.0,,-3.6999999999999993,,87.2
360,1972,DNK,1.0,,-3.6999999999999993,,87.2
361,1973,DNK,-3.0999999999999996,3.6,-7.5,,88.7
362,1974,DNK,-3.0999999999999996,3.6,-7.5,,88.7
363,1975,DNK,1.0999999999999996,0.6000000000000001,-3.6999999999999993,,88.2
364,1976,DNK,1.0999999999999996,0.6000000000000001,-3.6999999999999993,,88.2
365,1977,DNK,-0.5,-0.5,3.0,,88.0
366,1978,DNK,-0.5,-0.5,3.0,,88.0
367,1979,DNK,3.0000000000000018,-3.7,4.0,,85.6
368,1980,DNK,3.0000000000000018,-3.7,4.0,,85.6
369,1981,DNK,4.299999999999999,-3.7,2.0,,83.2
370,1982,DNK,4.299999999999999,-3.7,2.0,,83.2
371,1983,DNK,4.299999999999999,-3.7,2.0,,83.2
372,1984,DNK,0.29999999999999893,-3.7,8.899999999999999,,88.4
373,1985,DNK,0.29999999999999893,-3.7,8.899999999999999,,88.4
374,1986,DNK,0.29999999999999893,-3.7,8.899999999999999,,88.4
375,1987,DNK,0.40000000000000036,-3.7,-2.599999999999998,,86.7
376,1988,DNK,-1.5999999999999996,-3.7,-1.5,,85.7
377,1989,DNK,-1.5999999999999996,-3.7,-1.5,,85.7
378,1990,DNK,-4.699999999999999,-3.7,-3.3000000000000007,,81.4
379,1991,DNK,-4.699999999999999,-3.7,-3.3000000000000007,,81.4
380,1992,DNK,-4.699999999999999,-3.7,-3.3000000000000007,,81.4
381,1993,DNK,-4.699999999999999,-3.7,-3.3000000000000007,,81.4
382,1994,DNK,2.0999999999999996,-3.7,-1.0,,84.3
383,1995,DNK,2.0999999999999996,-3.7,-1.0,,84.3
384,1996,DNK,2.0999999999999996,-3.7,-1.0,,84.3
385,1997,DNK,2.0999999999999996,-3.7,-1.0,,84.3
386,1998,DNK,-0.09999999999999964,-3.7,-6.1,7.4,86.0
387,1999,DNK,-0.09999999999999964,-3.7,-6.1,7.4,86.0
388,2000,DNK,-0.09999999999999964,-3.7,-6.1,7.4,86.0
389,2001,DNK,-1.5,-3.7,0.1999999999999993,4.6,87.1
390,2002,DNK,-1.5,-3.7,0.1999999999999993,4.6,87.1
391,2003,DNK,-1.5,-3.7,0.1999999999999993,4.6,87.1
392,2004,DNK,-1.5,-3.7,0.1999999999999993,4.6,87.1
393,2005,DNK,0.5999999999999996,-3.7,1.200000000000001,1.3000000000000007,84.5
394,2006,DNK,0.5999999999999996,-3.7,1.200000000000001,1.3000000000000007,84.5
395,2007,DNK,5.799999999999999,-3.7,0.09999999999999964,0.5999999999999996,86.6
396,2008,DNK,5.799999999999999,-3.7,0.09999999999999964,0.5999999999999996,86.6
397,2009,DNK,5.799999999999999,-3.7,0.09999999999999964,0.5999999999999996,86.6
398,2010,DNK,5.799999999999999,-3.7,0.09999999999999964,0.5999999999999996,86.6
399,2011,DNK,0.6999999999999993,-3.7,-5.5,-1.5999999999999996,87.7
400,2012,DNK,0.6999999999999993,-3.7,-5.5,-1.5999999999999996,87.7
401,2013,DNK,0.6999999999999993,-3.7,-5.5,-1.5999999999999996,87.7
402,2014,DNK,0.6999999999999993,-3.7,-5.5,-1.5999999999999996,87.7
403,2015,DNK,-3.8999999999999986,-3.7,-1.5000000000000004,8.8,85.9
404,2016,DNK,-3.8999999999999986,-3.7,-1.5000000000000004,8.8,85.9
405,2017,DNK,-3.8999999999999986,-3.7,-1.5000000000000004,8.8,85.9
406,1992,EST,,,,,67.8
407,1993,EST,,,,,67.8
408,1994,EST,,,,,67.8
409,1995,EST,,2.3,-9.1,-9.5,68.9
410,1996,EST,,2.3,-9.1,-9.5,68.9
411,1997,EST,,2.3,-9.1,-9.5,68.9
412,1998,EST,,2.3,-9.1,-9.5,68.9
413,1999,EST,,-2.3,3.200000000000001,-6.2,57.4
414,2000,EST,,-2.3,3.200000000000001,-6.2,57.4
415,2001,EST,,-2.3,3.200000000000001,-6.2,57.4
416,2002,EST,,-2.3,3.200000000000001,-6.2,57.4
417,2003,EST,,-2.3,28.800000000000004,-6.2,58.2
418,2004,EST,,-2.3,28.800000000000004,-6.2,58.2
419,2005,EST,,-2.3,28.800000000000004,-6.2,58.2
420,2006,EST,,-2.3,28.800000000000004,-6.2,58.2
421,2007,EST,,-2.3,-19.900000000000006,-6.2,61.9
422,2008,EST,,-2.3,-19.900000000000006,-6.2,61.9
423,2009,EST,,-2.3,-19.900000000000006,-6.2,61.9
424,2010,EST,,-2.3,-19.900000000000006,-6.2,61.9
425,2011,EST,,-2.3,-2.3999999999999986,-6.2,63.5
426,2012,EST,,-2.3,-2.3999999999999986,-6.2,63.5
427,2013,EST,,-2.3,-2.3999999999999986,-6.2,63.5
428,2014,EST,,-2.3,-2.3999999999999986,-6.2,63.5
429,2015,EST,,-2.3,7.899999999999995,-6.2,64.2
430,2016,EST,,-2.3,7.899999999999995,-6.2,64.2
431,2017,EST,,-2.3,7.899999999999995,-6.2,64.2
432,1960,FIN,,,,,75.0
433,1961,FIN,,,,,75.0
434,1962,FIN,4.4,-1.1999999999999993,-0.7000000000000011,,85.1
435,1963,FIN,4.4,-1.1999999999999993,-0.7000000000000011,,85.1
436,1964,FIN,4.4,-1.1999999999999993,-0.7000000000000011,,85.1
437,1965,FIN,4.4,-1.1999999999999993,-0.7000000000000011,,85.1
438,1966,FIN,-1.8000000000000003,-0.8000000000000007,-0.7999999999999989,,84.9
439,1967,FIN,-1.8000000000000003,-0.8000000000000007,-0.7999999999999989,,84.9
440,1968,FIN,-1.8000000000000003,-0.8000000000000007,-0.7999999999999989,,84.9
441,1969,FIN,-1.8000000000000003,-0.8000000000000007,-0.7999999999999989,,84.9
442,1970,FIN,-2.6,-4.599999999999998,4.199999999999999,,82.2
443,1971,FIN,-2.6,-4.599999999999998,4.199999999999999,,82.2
444,1972,FIN,-2.6,0.3999999999999986,-0.3999999999999986,,81.4
445,1973,FIN,-2.6,0.3999999999999986,-0.3999999999999986,,81.4
446,1974,FIN,-2.6,0.3999999999999986,-0.3999999999999986,,81.4
447,1975,FIN,-2.6,1.8999999999999986,0.7999999999999972,,73.8
448,1976,FIN,-2.6,1.8999999999999986,0.7999999999999972,,73.8
449,1977,FIN,-2.6,1.8999999999999986,0.7999999999999972,,73.8
450,1978,FIN,-2.6,1.8999999999999986,0.7999999999999972,,73.8
451,1979,FIN,-2.6,-1.0,3.3000000000000007,,75.3
452,1980,FIN,-2.6,-1.0,3.3000000000000007,,75.3
453,1981,FIN,-2.6,-1.0,3.3000000000000007,,75.3
454,1982,FIN,-2.6,-1.0,3.3000000000000007,,75.3
455,1983,FIN,-2.6,-3.8999999999999986,0.40000000000000213,,75.7
456,1984,FIN,-2.6,-3.8999999999999986,0.40000000000000213,,75.7
457,1985,FIN,-2.6,-3.8999999999999986,0.40000000000000213,,75.7
458,1986,FIN,-2.6,-3.8999999999999986,0.40000000000000213,,75.7
459,1987,FIN,-2.6,-0.3999999999999986,1.0,,72.1
460,1988,FIN,-2.6,-0.3999999999999986,1.0,,72.1
461,1989,FIN,-2.6,-0.3999999999999986,1.0,,72.1
462,1990,FIN,-2.6,-0.3999999999999986,1.0,,72.1
463,1991,FIN,-2.6,-3.5000000000000018,-3.8000000000000007,,72.1
464,1992,FIN,-2.6,-3.5000000000000018,-3.8000000000000007,,72.1
465,1993,FIN,-2.6,-3.5000000000000018,-3.8000000000000007,,72.1
466,1994,FIN,-2.6,-3.5000000000000018,-3.8000000000000007,,72.1
467,1995,FIN,-2.6,1.0999999999999996,-1.4000000000000021,,71.7
468,1996,FIN,-2.6,1.0999999999999996,-1.4000000000000021,,71.7
469,1997,FIN,-2.6,1.0999999999999996,-1.4000000000000021,,71.7
470,1998,FIN,-2.6,1.0999999999999996,-1.4000000000000021,,71.7
471,1999,FIN,-2.6,-0.29999999999999893,3.1000000000000014,,68.3
472,2000,FIN,-2.6,-0.29999999999999893,3.1000000000000014,,68.3
473,2001,FIN,-2.6,-0.29999999999999893,3.1000000000000014,,68.3
474,2002,FIN,-2.6,-0.29999999999999893,3.1000000000000014,,68.3
475,2003,FIN,-2.6,-1.0,-2.3999999999999986,,69.7
476,2004,FIN,-2.6,-1.0,-2.3999999999999986,,69.7
477,2005,FIN,-2.6,-1.0,-2.3999999999999986,,69.7
478,2006,FIN,-2.6,-1.0,-2.3999999999999986,,69.7
479,2007,FIN,-2.6,-1.0999999999999996,3.6999999999999993,4.1,65.0
480,2008,FIN,-2.6,-1.0999999999999996,3.6999999999999993,4.1,65.0
481,2009,FIN,-2.6,-1.0999999999999996,3.6999999999999993,4.1,65.0
482,2010,FIN,-2.6,-1.0999999999999996,3.6999999999999993,4.1,65.0
483,2011,FIN,-2.6,-0.7000000000000011,-1.9000000000000021,15.000000000000002,67.4
484,2012,FIN,-2.6,-0.7000000000000011,-1.9000000000000021,15.000000000000002,67.4
485,2013,FIN,-2.6,-0.7000000000000011,-1.9000000000000021,15.000000000000002,67.4
486,2014,FIN,-2.6,-0.7000000000000011,-1.9000000000000021,15.000000000000002,67.4
487,2015,FIN,-2.6,-1.0,-2.1999999999999993,-1.4000000000000021,66.9
488,2016,FIN,-2.6,-1.0,-2.1999999999999993,-1.4000000000000021,66.9
489,2017,FIN,-2.6,-1.0,-2.1999999999999993,-1.4000000000000021,66.9
490,1960,FRA,,,,,77.2
491,1961,FRA,,,,,77.2
492,1962,FRA,2.0,3.0,6.899999999999999,,68.7
493,1963,FRA,2.0,3.0,6.899999999999999,,68.7
494,1964,FRA,2.0,3.0,6.899999999999999,,68.7
495,1965,FRA,2.0,3.0,6.899999999999999,,68.7
496,1966,FRA,2.0,3.0,6.899999999999999,,68.7
497,1967,FRA,0.10000000000000009,0.6000000000000014,-5.700000000000003,,81.1
498,1968,FRA,1.7999999999999998,-2.5,4.600000000000001,,80.0
499,1969,FRA,1.7999999999999998,-2.5,4.600000000000001,,80.0
500,1970,FRA,1.7999999999999998,-2.5,4.600000000000001,,80.0
501,1971,FRA,1.7999999999999998,-2.5,4.600000000000001,,80.0
502,1972,FRA,1.7999999999999998,-2.5,4.600000000000001,,80.0
503,1973,FRA,-1.9,1.3999999999999986,-6.0,,81.3
504,1974,FRA,-1.9,1.3999999999999986,-6.0,,81.3
505,1975,FRA,-1.9,1.3999999999999986,-6.0,,81.3
506,1976,FRA,-1.9,1.3999999999999986,-6.0,,81.3
507,1977,FRA,-1.9,1.3999999999999986,-6.0,,81.3
508,1978,FRA,-2.0,-0.7999999999999972,4.399999999999999,,83.2
509,1979,FRA,-2.0,-0.7999999999999972,4.399999999999999,,83.2
510,1980,FRA,-2.0,-0.7999999999999972,4.399999999999999,,83.2
511,1981,FRA,-2.0,-4.5,-2.0,,70.9
512,1982,FRA,-2.0,-4.5,-2.0,,70.9
513,1983,FRA,-2.0,-4.5,-2.0,,70.9
514,1984,FRA,-2.0,-4.5,-2.0,,70.9
515,1985,FRA,-2.0,-4.5,-2.0,,70.9
516,1986,FRA,-2.0,-6.400000000000002,-0.19999999999999574,9.8,78.5
517,1987,FRA,-2.0,-6.400000000000002,-0.19999999999999574,9.8,78.5
518,1988,FRA,-2.0,1.5,-2.1999999999999957,9.8,66.2
519,1989,FRA,-2.0,1.5,-2.1999999999999957,9.8,66.2
520,1990,FRA,-2.0,1.5,-2.1999999999999957,9.8,66.2
521,1991,FRA,-2.0,1.5,-2.1999999999999957,9.8,66.2
522,1992,FRA,-2.0,1.5,-2.1999999999999957,9.8,66.2
523,1993,FRA,-2.0,-2.0999999999999996,3.6999999999999957,2.8999999999999986,69.3
524,1994,FRA,-2.0,-2.0999999999999996,3.6999999999999957,2.8999999999999986,69.3
525,1995,FRA,-2.0,-2.0999999999999996,3.6999999999999957,2.8999999999999986,69.3
526,1996,FRA,-2.0,-2.0999999999999996,3.6999999999999957,2.8999999999999986,69.3
527,1997,FRA,2.2,0.8000000000000007,-7.899999999999999,2.200000000000001,68.0
528,1998,FRA,2.2,0.8000000000000007,-7.899999999999999,2.200000000000001,68.0
529,1999,FRA,2.2,0.8000000000000007,-7.899999999999999,2.200000000000001,68.0
530,2000,FRA,2.2,0.8000000000000007,-7.899999999999999,2.200000000000001,68.0
531,2001,FRA,2.2,0.8000000000000007,-7.899999999999999,2.200000000000001,68.0
532,2002,FRA,0.5,-5.0,7.499999999999993,-3.8000000000000007,64.4
533,2003,FRA,0.5,-5.0,7.499999999999993,-3.8000000000000007,64.4
534,2004,FRA,0.5,-5.0,7.499999999999993,-3.8000000000000007,64.4
535,2005,FRA,0.5,-5.0,7.499999999999993,-3.8000000000000007,64.4
536,2006,FRA,0.5,-5.0,7.499999999999993,-3.8000000000000007,64.4
537,2007,FRA,0.6999999999999997,-0.6000000000000005,7.900000000000006,-6.3999999999999995,60.4
538,2008,FRA,0.6999999999999997,-0.6000000000000005,7.900000000000006,-6.3999999999999995,60.4
539,2009,FRA,0.6999999999999997,-0.6000000000000005,7.900000000000006,-6.3999999999999995,60.4
540,2010,FRA,0.6999999999999997,-0.6000000000000005,7.900000000000006,-6.3999999999999995,60.4
541,2011,FRA,0.6999999999999997,-0.6000000000000005,7.900000000000006,-6.3999999999999995,60.4
542,2012,FRA,-3.4,2.6000000000000005,-21.0,8.899999999999999,57.2
543,2013,FRA,-3.4,2.6000000000000005,-21.0,8.899999999999999,57.2
544,2014,FRA,-3.4,2.6000000000000005,-21.0,8.899999999999999,57.2
545,2015,FRA,-3.4,2.6000000000000005,-21.0,8.899999999999999,57.2
546,2016,FRA,-3.4,2.6000000000000005,-21.0,8.899999999999999,57.2
547,2017,FRA,11.0,-6.9,-10.700000000000003,-0.40000000000000036,48.7
548,1960,DEU,,,,,87.8
549,1961,DEU,,,-0.6000000000000001,,87.7
550,1962,DEU,,,-0.6000000000000001,,87.7
551,1963,DEU,,,-0.6000000000000001,,87.7
552,1964,DEU,,,-0.6000000000000001,,87.7
553,1965,DEU,,,-2.8,2.0,86.8
554,1966,DEU,,,-2.8,2.0,86.8
555,1967,DEU,,,-2.8,2.0,86.8
556,1968,DEU,,,-2.8,2.0,86.8
557,1969,DEU,,,-2.8,2.3,86.7
558,1970,DEU,,,-2.8,2.3,86.7
559,1971,DEU,,,-2.8,2.3,86.7
560,1972,DEU,,,-2.8,-4.3,91.1
561,1973,DEU,,,-2.8,-4.3,91.1
562,1974,DEU,,,-2.8,-4.3,91.1
563,1975,DEU,,,-2.8,-4.3,91.1
564,1976,DEU,,,-2.8,-4.3,90.7
565,1977,DEU,,,-2.8,-4.3,90.7
566,1978,DEU,,,-2.8,-4.3,90.7
567,1979,DEU,,,-2.8,-4.3,90.7
568,1980,DEU,,,-2.8,-4.3,88.6
569,1981,DEU,,,-2.8,-4.3,88.6
570,1982,DEU,,,-2.8,-4.3,88.6
571,1983,DEU,,,-2.8,-4.3,88.4
572,1984,DEU,,,-2.8,-4.3,88.4
573,1985,DEU,,,-2.8,-4.3,88.4
574,1986,DEU,,,-2.8,-4.3,88.4
575,1987,DEU,,,-2.8,-4.3,84.3
576,1988,DEU,,,-2.8,-4.3,84.3
577,1989,DEU,,,-2.8,-4.3,84.3
578,1990,DEU,,2.4,-2.8,2.1,77.8
579,1991,DEU,,2.4,-2.8,2.1,77.8
580,1992,DEU,,2.4,-2.8,2.1,77.8
581,1993,DEU,,2.4,-2.8,2.1,77.8
582,1994,DEU,,2.0000000000000004,-2.8,-2.1,79.0
583,1995,DEU,,2.0000000000000004,-2.8,-2.1,79.0
584,1996,DEU,,2.0000000000000004,-2.8,-2.1,79.0
585,1997,DEU,,2.0000000000000004,-2.8,-2.1,79.0
586,1998,DEU,,0.6999999999999993,-2.8,-2.1,82.2
587,1999,DEU,,0.6999999999999993,-2.8,-2.1,82.2
588,2000,DEU,,0.6999999999999993,-2.8,-2.1,82.2
589,2001,DEU,,0.6999999999999993,-2.8,-2.1,82.2
590,2002,DEU,,-1.0999999999999996,-2.8,-2.1,79.1
591,2003,DEU,,-1.0999999999999996,-2.8,-2.1,79.1
592,2004,DEU,,-1.0999999999999996,-2.8,-2.1,79.1
593,2005,DEU,,4.699999999999999,-2.8,-2.1,77.7
594,2006,DEU,,4.699999999999999,-2.8,-2.1,77.7
595,2007,DEU,,4.699999999999999,-2.8,-2.1,77.7
596,2008,DEU,,4.699999999999999,-2.8,-2.1,77.7
597,2009,DEU,,3.200000000000001,-2.8,-2.1,70.8
598,2010,DEU,,3.200000000000001,-2.8,-2.1,70.8
599,2011,DEU,,3.200000000000001,-2.8,-2.1,70.8
600,2012,DEU,,3.200000000000001,-2.8,-2.1,70.8
601,2013,DEU,,-3.3000000000000007,-2.8,4.7,71.5
602,2014,DEU,,-3.3000000000000007,-2.8,4.7,71.5
603,2015,DEU,,-3.3000000000000007,-2.8,4.7,71.5
604,2016,DEU,,-3.3000000000000007,-2.8,4.7,71.5
605,2017,DEU,,0.5999999999999996,-2.8,7.8999999999999995,76.2
606,1960,GRC,,,,,75.5
607,1961,GRC,,-9.799999999999999,6.699999999999996,,81.9
608,1962,GRC,,-9.799999999999999,6.699999999999996,,81.9
609,1963,GRC,,-0.29999999999999893,-7.699999999999996,,83.0
610,1964,GRC,,-2.5,-7.800000000000004,,81.7
611,1965,GRC,,-2.5,-7.800000000000004,,81.7
612,1966,GRC,,-2.5,-7.800000000000004,,81.7
613,1967,GRC,,,,,
614,1968,GRC,,,,,
615,1969,GRC,,,,,
616,1970,GRC,,,,,
617,1971,GRC,,,,,
618,1972,GRC,,,,,
619,1973,GRC,,,,,
620,1974,GRC,,,,,79.5
621,1975,GRC,,,,,79.5
622,1976,GRC,,,,,79.5
623,1977,GRC,,2.6000000000000014,-12.5,6.8,81.1
624,1978,GRC,,2.6000000000000014,-12.5,6.8,81.1
625,1979,GRC,,2.6000000000000014,-12.5,6.8,81.1
626,1980,GRC,,2.6000000000000014,-12.5,6.8,81.1
627,1981,GRC,,-1.200000000000001,-5.899999999999999,-6.8,81.5
628,1982,GRC,,-1.200000000000001,-5.899999999999999,-6.8,81.5
629,1983,GRC,,-1.200000000000001,-5.899999999999999,-6.8,81.5
630,1984,GRC,,-1.200000000000001,-5.899999999999999,-6.8,81.5
631,1985,GRC,,-1.0,4.899999999999999,-6.8,83.8
632,1986,GRC,,-1.0,4.899999999999999,-6.8,83.8
633,1987,GRC,,-1.0,4.899999999999999,-6.8,83.8
634,1988,GRC,,-1.0,4.899999999999999,-6.8,83.8
635,1989,GRC,,1.0999999999999996,5.400000000000006,-6.8,84.3
636,1990,GRC,,-0.8000000000000007,0.6999999999999957,-6.8,84.5
637,1991,GRC,,-0.8000000000000007,0.6999999999999957,-6.8,84.5
638,1992,GRC,,-0.8000000000000007,0.6999999999999957,-6.8,84.5
639,1993,GRC,,-2.799999999999999,-2.700000000000003,-6.8,78.2
640,1994,GRC,,-2.799999999999999,-2.700000000000003,-6.8,78.2
641,1995,GRC,,-2.799999999999999,-2.700000000000003,-6.8,78.2
642,1996,GRC,,3.299999999999999,-3.1999999999999957,-6.8,78.7
643,1997,GRC,,3.299999999999999,-3.1999999999999957,-6.8,78.7
644,1998,GRC,,3.299999999999999,-3.1999999999999957,-6.8,78.7
645,1999,GRC,,3.299999999999999,-3.1999999999999957,-6.8,78.7
646,2000,GRC,,-2.0,1.7000000000000028,-6.8,78.3
647,2001,GRC,,-2.0,1.7000000000000028,-6.8,78.3
648,2002,GRC,,-2.0,1.7000000000000028,-6.8,78.3
649,2003,GRC,,-2.0,1.7000000000000028,-6.8,78.3
650,2004,GRC,3.3,-2.799999999999999,2.6999999999999957,2.2,89.1
651,2005,GRC,3.3,-2.799999999999999,2.6999999999999957,2.2,89.1
652,2006,GRC,3.3,-2.799999999999999,2.6999999999999957,2.2,89.1
653,2007,GRC,1.7000000000000002,2.299999999999999,-3.6000000000000014,1.5999999999999996,86.5
654,2008,GRC,1.7000000000000002,2.299999999999999,-3.6000000000000014,1.5999999999999996,86.5
655,2009,GRC,-0.40000000000000036,-0.6999999999999993,-8.299999999999997,1.7999999999999998,82.9
656,2010,GRC,-0.40000000000000036,-0.6999999999999993,-8.299999999999997,1.7999999999999998,82.9
657,2011,GRC,-0.40000000000000036,-0.6999999999999993,-8.299999999999997,1.7999999999999998,82.9
658,2012,GRC,28.599999999999994,-3.0,-3.8000000000000007,8.8,62.5
659,2013,GRC,28.599999999999994,-3.0,-3.8000000000000007,8.8,62.5
660,2014,GRC,28.599999999999994,-3.0,-3.8000000000000007,8.8,62.5
661,2015,GRC,5.200000000000003,1.0999999999999996,-1.5999999999999979,-3.700000000000001,56.2
662,2016,GRC,5.200000000000003,1.0999999999999996,-1.5999999999999979,-3.700000000000001,56.2
663,2017,GRC,5.200000000000003,1.0999999999999996,-1.5999999999999979,-3.700000000000001,56.2
664,1990,HUN,,,,,65.1
665,1991,HUN,,,,,65.1
666,1992,HUN,,,,,65.1
667,1993,HUN,,,,,65.1
668,1994,HUN,,-0.5,-12.099999999999998,,68.9
669,1995,HUN,,-0.5,-12.099999999999998,,68.9
670,1996,HUN,,-0.5,-12.099999999999998,,68.9
671,1997,HUN,,-0.5,-12.099999999999998,,68.9
672,1998,HUN,,0.6999999999999997,11.099999999999998,5.5,56.3
673,1999,HUN,,0.6999999999999997,11.099999999999998,5.5,56.3
674,2000,HUN,,0.6999999999999997,11.099999999999998,5.5,56.3
675,2001,HUN,,0.6999999999999997,11.099999999999998,5.5,56.3
676,2002,HUN,,-1.7999999999999998,12.700000000000003,-1.0999999999999996,70.5
677,2003,HUN,,-1.7999999999999998,12.700000000000003,-1.0999999999999996,70.5
678,2004,HUN,,-1.7999999999999998,12.700000000000003,-1.0999999999999996,70.5
679,2005,HUN,,-1.7999999999999998,12.700000000000003,-1.0999999999999996,70.5
680,2006,HUN,,-2.1,2.0,-2.2,64.8
681,2007,HUN,,-2.1,2.0,-2.2,67.8
682,2008,HUN,,-2.1,2.0,-2.2,67.8
683,2009,HUN,,-2.1,2.0,-2.2,67.8
684,2010,HUN,,-2.1,5.700000000000003,14.5,64.4
685,2011,HUN,,-2.1,5.700000000000003,14.5,64.4
686,2012,HUN,,-2.1,5.700000000000003,14.5,64.4
687,2013,HUN,,-2.1,5.700000000000003,14.5,64.4
688,2014,HUN,,-2.1,-7.800000000000004,3.5,61.8
689,2015,HUN,,-2.1,-7.800000000000004,3.5,61.8
690,2016,HUN,,-2.1,-7.800000000000004,3.5,61.8
691,2017,HUN,,-2.1,-7.800000000000004,3.5,61.8
692,1960,ISL,,,,,90.4
693,1961,ISL,,,,,90.4
694,1962,ISL,,,,,90.4
695,1963,ISL,-3.4,,1.6999999999999957,,91.1
696,1964,ISL,-3.4,,1.6999999999999957,,91.1
697,1965,ISL,-3.4,,1.6999999999999957,,91.1
698,1966,ISL,-3.4,,1.6999999999999957,,91.1
699,1967,ISL,-3.4,-2.0999999999999996,-3.8999999999999986,,91.4
700,1968,ISL,-3.4,-2.0999999999999996,-3.8999999999999986,,91.4
701,1969,ISL,-3.4,-2.0999999999999996,-3.8999999999999986,,91.4
702,1970,ISL,-3.4,-2.0999999999999996,-3.8999999999999986,,91.4
703,1971,ISL,-3.4,3.200000000000001,-1.2999999999999972,,90.4
704,1972,ISL,-3.4,3.200000000000001,-1.2999999999999972,,90.4
705,1973,ISL,-3.4,3.200000000000001,-1.2999999999999972,,90.4
706,1974,ISL,-3.4,1.1999999999999993,6.5,,91.4
707,1975,ISL,-3.4,1.1999999999999993,6.5,,91.4
708,1976,ISL,-3.4,1.1999999999999993,6.5,,91.4
709,1977,ISL,-3.4,1.1999999999999993,6.5,,91.4
710,1978,ISL,-3.4,4.599999999999998,-10.0,,90.3
711,1979,ISL,-3.4,-3.1999999999999993,2.6999999999999957,,89.3
712,1980,ISL,-3.4,-3.1999999999999993,2.6999999999999957,,89.3
713,1981,ISL,-3.4,-3.1999999999999993,2.6999999999999957,,89.3
714,1982,ISL,-3.4,-3.1999999999999993,2.6999999999999957,,89.3
715,1983,ISL,-3.4,-2.5,3.1000000000000014,,88.6
716,1984,ISL,-3.4,-2.5,3.1000000000000014,,88.6
717,1985,ISL,-3.4,-2.5,3.1000000000000014,,88.6
718,1986,ISL,-3.4,-2.5,3.1000000000000014,,88.6
719,1987,ISL,-3.4,-3.8999999999999986,-11.3,,90.1
720,1988,ISL,-3.4,-3.8999999999999986,-11.3,,90.1
721,1989,ISL,-3.4,-3.8999999999999986,-11.3,,90.1
722,1990,ISL,-3.4,-3.8999999999999986,-11.3,,90.1
723,1991,ISL,-3.4,1.0999999999999996,11.400000000000002,,87.6
724,1992,ISL,-3.4,1.0999999999999996,11.400000000000002,,87.6
725,1993,ISL,-3.4,1.0999999999999996,11.400000000000002,,87.6
726,1994,ISL,-3.4,1.0999999999999996,11.400000000000002,,87.6
727,1995,ISL,-3.4,-0.09999999999999964,-1.5,,87.4
728,1996,ISL,-3.4,-0.09999999999999964,-1.5,,87.4
729,1997,ISL,-3.4,-0.09999999999999964,-1.5,,87.4
730,1998,ISL,-3.4,-0.09999999999999964,-1.5,,87.4
731,1999,ISL,26.8,-14.3,3.6000000000000014,,84.1
732,2000,ISL,26.8,-14.3,3.6000000000000014,,84.1
733,2001,ISL,26.8,-14.3,3.6000000000000014,,84.1
734,2002,ISL,26.8,-14.3,3.6000000000000014,,84.1
735,2003,ISL,4.199999999999999,-14.3,-7.0,,87.7
736,2004,ISL,4.199999999999999,-14.3,-7.0,,87.7
737,2005,ISL,4.199999999999999,-14.3,-7.0,,87.7
738,2006,ISL,4.199999999999999,-14.3,-7.0,,87.7
739,2007,ISL,-4.199999999999999,-14.3,2.8999999999999986,,83.6
740,2008,ISL,-4.199999999999999,-14.3,2.8999999999999986,,83.6
741,2009,ISL,3.0,-14.3,-12.900000000000002,,85.1
742,2010,ISL,3.0,-14.3,-12.900000000000002,,85.1
743,2011,ISL,3.0,-14.3,-12.900000000000002,,85.1
744,2012,ISL,3.0,-14.3,-12.900000000000002,,85.1
745,2013,ISL,-16.9,-14.3,3.0,3.0,81.5
746,2014,ISL,-16.9,-14.3,3.0,3.0,81.5
747,2015,ISL,-16.9,-14.3,3.0,3.0,81.5
748,2016,ISL,-3.700000000000001,-14.3,12.8,-3.0,79.2
749,2017,ISL,9.8,-14.3,-7.600000000000001,-3.0,81.2
750,1960,IRL,,,,,71.3
751,1961,IRL,,,,,70.6
752,1962,IRL,,,,,70.6
753,1963,IRL,,,,,70.6
754,1964,IRL,,,,,70.6
755,1965,IRL,,,,,75.1
756,1966,IRL,,,,,75.1
757,1967,IRL,,,,,75.1
758,1968,IRL,,,,,75.1
759,1969,IRL,,,,,76.9
760,1970,IRL,,,,,76.9
761,1971,IRL,,,,,76.9
762,1972,IRL,,,,,76.9
763,1973,IRL,,,,,76.6
764,1974,IRL,,,,,76.6
765,1975,IRL,,,,,76.6
766,1976,IRL,,,,,76.6
767,1977,IRL,,,,,76.3
768,1978,IRL,,,,,76.3
769,1979,IRL,,,,,76.3
770,1980,IRL,,,,,76.3
771,1981,IRL,,,,,76.2
772,1982,IRL,3.3,,,,72.8
773,1983,IRL,3.3,,,,72.8
774,1984,IRL,3.3,,,,72.8
775,1985,IRL,3.3,,,,72.8
776,1986,IRL,3.3,,,,72.8
777,1987,IRL,0.5,,,,73.3
778,1988,IRL,0.5,,,,73.3
779,1989,IRL,1.2000000000000002,,,,68.5
780,1990,IRL,1.2000000000000002,,,,68.5
781,1991,IRL,1.2000000000000002,,,,68.5
782,1992,IRL,-2.2,,,,68.5
783,1993,IRL,-2.2,,,,68.5
784,1994,IRL,-2.2,,,,68.5
785,1995,IRL,-2.2,,,,68.5
786,1996,IRL,-2.2,,,,68.5
787,1997,IRL,-0.2999999999999998,,,,65.9
788,1998,IRL,-0.2999999999999998,,,,65.9
789,1999,IRL,-0.2999999999999998,,,,65.9
790,2000,IRL,-0.2999999999999998,,,,65.9
791,2001,IRL,-0.2999999999999998,,,,65.9
792,2002,IRL,-2.5,,,,62.7
793,2003,IRL,-2.5,,,,62.7
794,2004,IRL,-2.5,,,,62.7
795,2005,IRL,-2.5,,,,62.7
796,2006,IRL,-2.5,,,,62.7
797,2007,IRL,-2.5,,,,67.0
798,2008,IRL,-2.5,,,,67.0
799,2009,IRL,-2.5,,,,67.0
800,2010,IRL,-2.5,,,,67.0
801,2011,IRL,2.7,,,,69.9
802,2012,IRL,2.7,,,,69.9
803,2013,IRL,2.7,,,,69.9
804,2014,IRL,2.7,,,,69.9
805,2015,IRL,2.7,,,,69.9
806,2016,IRL,1.1999999999999997,,,,65.1
807,2017,IRL,1.1999999999999997,,,,65.1
808,1960,ITA,,,,,93.7
809,1961,ITA,,,,,93.7
810,1962,ITA,,,,,93.7
811,1963,ITA,,2.6000000000000014,-4.800000000000001,0.2999999999999998,92.9
812,1964,ITA,,2.6000000000000014,-4.800000000000001,0.2999999999999998,92.9
813,1965,ITA,,2.6000000000000014,-4.800000000000001,0.2999999999999998,92.9
814,1966,ITA,,2.6000000000000014,-4.800000000000001,0.2999999999999998,92.9
815,1967,ITA,,2.6000000000000014,-4.800000000000001,0.2999999999999998,92.9
816,1968,ITA,4.4,1.5999999999999979,-4.800000000000001,-0.6999999999999993,92.8
817,1969,ITA,4.4,1.5999999999999979,-4.800000000000001,-0.6999999999999993,92.8
818,1970,ITA,4.4,1.5999999999999979,-4.800000000000001,-0.6999999999999993,92.8
819,1971,ITA,4.4,1.5999999999999979,-4.800000000000001,-0.6999999999999993,92.8
820,1972,ITA,-4.4,0.3000000000000007,-4.800000000000001,4.299999999999999,93.2
821,1973,ITA,-4.4,0.3000000000000007,-4.800000000000001,4.299999999999999,93.2
822,1974,ITA,-4.4,0.3000000000000007,-4.800000000000001,4.299999999999999,93.2
823,1975,ITA,-4.4,0.3000000000000007,-4.800000000000001,4.299999999999999,93.2
824,1976,ITA,-4.4,7.199999999999999,-4.800000000000001,-2.5999999999999996,93.4
825,1977,ITA,-4.4,7.199999999999999,-4.800000000000001,-2.5999999999999996,93.4
826,1978,ITA,-4.4,7.199999999999999,-4.800000000000001,-2.5999999999999996,93.4
827,1979,ITA,-4.4,-4.0,-4.800000000000001,-0.7999999999999998,91.1
828,1980,ITA,-4.4,-4.0,-4.800000000000001,-0.7999999999999998,91.1
829,1981,ITA,-4.4,-4.0,-4.800000000000001,-0.7999999999999998,91.1
830,1982,ITA,-4.4,-4.0,-4.800000000000001,-0.7999999999999998,91.1
831,1983,ITA,-4.4,-0.5,-4.800000000000001,1.5,89.0
832,1984,ITA,-4.4,-0.5,-4.800000000000001,1.5,89.0
833,1985,ITA,-4.4,-0.5,-4.800000000000001,1.5,89.0
834,1986,ITA,-4.4,-0.5,-4.800000000000001,1.5,89.0
835,1987,ITA,-4.4,-3.299999999999997,-4.800000000000001,-0.8999999999999995,90.5
836,1988,ITA,-4.4,-3.299999999999997,-4.800000000000001,-0.8999999999999995,90.5
837,1989,ITA,-4.4,-3.299999999999997,-4.800000000000001,-0.8999999999999995,90.5
838,1990,ITA,-4.4,-3.299999999999997,-4.800000000000001,-0.8999999999999995,90.5
839,1991,ITA,-4.4,-3.299999999999997,-4.800000000000001,-0.8999999999999995,90.5
840,1992,ITA,16.1,-21.0,-4.800000000000001,8.2,87.3
841,1993,ITA,16.1,-21.0,-4.800000000000001,8.2,87.3
842,1994,ITA,4.299999999999997,0.40000000000000036,21.0,7.799999999999999,86.1
843,1995,ITA,4.299999999999997,0.40000000000000036,21.0,7.799999999999999,86.1
844,1996,ITA,0.7000000000000028,2.5999999999999996,21.0,3.8999999999999986,82.9
845,1997,ITA,0.7000000000000028,2.5999999999999996,21.0,3.8999999999999986,82.9
846,1998,ITA,0.7000000000000028,2.5999999999999996,21.0,3.8999999999999986,82.9
847,1999,ITA,0.7000000000000028,2.5999999999999996,21.0,3.8999999999999986,82.9
848,2000,ITA,0.7000000000000028,2.5999999999999996,21.0,3.8999999999999986,82.9
849,2001,ITA,-4.5,-3.5999999999999996,8.399999999999999,-9.899999999999997,81.2
850,2002,ITA,-4.5,-3.5999999999999996,8.399999999999999,-9.899999999999997,81.2
851,2003,ITA,-4.5,-3.5999999999999996,8.399999999999999,-9.899999999999997,81.2
852,2004,ITA,-4.5,-3.5999999999999996,8.399999999999999,-9.899999999999997,81.2
853,2005,ITA,-4.5,-3.5999999999999996,8.399999999999999,-9.899999999999997,81.2
854,2006,ITA,-16.6,3.0999999999999996,-5.699999999999999,0.9999999999999982,83.6
855,2007,ITA,-16.6,3.0999999999999996,-5.699999999999999,0.9999999999999982,83.6
856,2008,ITA,3.1,-8.1,13.7,-8.599999999999998,80.5
857,2009,ITA,3.1,-8.1,13.7,-8.599999999999998,80.5
858,2010,ITA,3.1,-8.1,13.7,-8.599999999999998,80.5
859,2011,ITA,3.1,-8.1,13.7,-8.599999999999998,80.5
860,2012,ITA,3.1,-8.1,13.7,-8.599999999999998,80.5
861,2013,ITA,2.3000000000000003,-8.1,-15.799999999999997,-4.200000000000001,75.2
862,2014,ITA,2.3000000000000003,-8.1,-15.799999999999997,-4.200000000000001,75.2
863,2015,ITA,2.3000000000000003,-8.1,-15.799999999999997,-4.200000000000001,75.2
864,2016,ITA,2.3000000000000003,-8.1,-15.799999999999997,-4.200000000000001,75.2
865,2017,ITA,2.3000000000000003,-8.1,-15.799999999999997,-4.200000000000001,75.2
866,1960,JPN,,,,,73.5
867,1961,JPN,,,,,73.5
868,1962,JPN,,,,,73.5
869,1963,JPN,,1.1,-2.8999999999999986,,71.1
870,1964,JPN,,1.1,-2.8999999999999986,,71.1
871,1965,JPN,,1.1,-2.8999999999999986,,71.1
872,1966,JPN,,1.1,-2.8999999999999986,,71.1
873,1967,JPN,,0.7999999999999998,-5.900000000000006,,74.0
874,1968,JPN,,0.7999999999999998,-5.900000000000006,,74.0
875,1969,JPN,,2.0,-1.1999999999999957,,68.5
876,1970,JPN,,2.0,-1.1999999999999957,,68.5
877,1971,JPN,,2.0,-1.1999999999999957,,68.5
878,1972,JPN,,3.7,-0.7000000000000028,,71.7
879,1973,JPN,,3.7,-0.7000000000000028,,71.7
880,1974,JPN,,3.7,-0.7000000000000028,,71.7
881,1975,JPN,,3.7,-0.7000000000000028,,71.7
882,1976,JPN,,-0.09999999999999964,-5.100000000000001,,73.4
883,1977,JPN,,-0.09999999999999964,-5.100000000000001,,73.4
884,1978,JPN,,-0.09999999999999964,-5.100000000000001,,73.4
885,1979,JPN,,-0.09999999999999964,2.8000000000000043,,68.0
886,1980,JPN,,-0.5999999999999996,3.299999999999997,,74.6
887,1981,JPN,,-0.5999999999999996,3.299999999999997,,74.6
888,1982,JPN,,-0.5999999999999996,3.299999999999997,,74.6
889,1983,JPN,,-0.5,-2.1000000000000014,,67.9
890,1984,JPN,,-0.5,-2.1000000000000014,,67.9
891,1985,JPN,,-0.5,-2.1000000000000014,,67.9
892,1986,JPN,,-0.5,3.6000000000000014,,71.4
893,1987,JPN,,-0.5,3.6000000000000014,,71.4
894,1988,JPN,,-0.5,3.6000000000000014,,71.4
895,1989,JPN,,-0.5,3.6000000000000014,,71.4
896,1990,JPN,,-0.8000000000000007,-3.299999999999997,,73.3
897,1991,JPN,,-0.8000000000000007,-3.299999999999997,,73.3
898,1992,JPN,,-0.8000000000000007,-3.299999999999997,,73.3
899,1993,JPN,,-0.2999999999999998,11.300000000000004,,67.0
900,1994,JPN,,-0.2999999999999998,11.300000000000004,,67.0
901,1995,JPN,,-0.2999999999999998,11.300000000000004,,67.0
902,1996,JPN,,5.1000000000000005,6.8999999999999915,,59.0
903,1997,JPN,,5.1000000000000005,6.8999999999999915,,59.0
904,1998,JPN,,5.1000000000000005,6.8999999999999915,,59.0
905,1999,JPN,,5.1000000000000005,6.8999999999999915,,59.0
906,2000,JPN,,-1.0,-21.89999999999999,,62.5
907,2001,JPN,,-1.0,-21.89999999999999,,62.5
908,2002,JPN,,-1.0,-21.89999999999999,,62.5
909,2003,JPN,,-3.8000000000000007,-1.9000000000000057,,59.9
910,2004,JPN,,-3.8000000000000007,-1.9000000000000057,,59.9
911,2005,JPN,,-0.7000000000000002,3.700000000000003,,67.5
912,2006,JPN,,-0.7000000000000002,3.700000000000003,,67.5
913,2007,JPN,,-0.7000000000000002,3.700000000000003,,67.5
914,2008,JPN,,-0.7000000000000002,3.700000000000003,,67.5
915,2009,JPN,,-2.0,-10.0,,69.3
916,2010,JPN,,-2.0,-10.0,,69.3
917,2011,JPN,,-2.0,-10.0,,69.3
918,2012,JPN,,1.9000000000000004,3.0,14.9,59.3
919,2013,JPN,,1.9000000000000004,3.0,14.9,59.3
920,2014,JPN,,5.3999999999999995,5.199999999999996,-12.8,52.7
921,2015,JPN,,5.3999999999999995,5.199999999999996,-12.8,52.7
922,2016,JPN,,5.3999999999999995,5.199999999999996,-12.8,52.7
923,2017,JPN,,-4.0,19.299999999999997,-2.1,53.7
924,1993,LVA,,,,,91.2
925,1994,LVA,,,,,91.2
926,1995,LVA,7.2,5.6,3.8000000000000003,7.800000000000001,72.7
927,1996,LVA,7.2,5.6,3.8000000000000003,7.800000000000001,72.7
928,1997,LVA,7.2,5.6,3.8000000000000003,7.800000000000001,72.7
929,1998,LVA,-7.2,-5.6,14.9,-11.900000000000002,71.0
930,1999,LVA,-7.2,-5.6,14.9,-11.900000000000002,71.0
931,2000,LVA,-7.2,-5.6,14.9,-11.900000000000002,71.0
932,2001,LVA,-7.2,-5.6,14.9,-11.900000000000002,71.0
933,2002,LVA,-7.2,-5.6,-4.699999999999999,-9.299999999999999,71.5
934,2003,LVA,-7.2,-5.6,-4.699999999999999,-9.299999999999999,71.5
935,2004,LVA,-7.2,-5.6,-4.699999999999999,-9.299999999999999,71.5
936,2005,LVA,-7.2,-5.6,-4.699999999999999,-9.299999999999999,71.5
937,2006,LVA,-7.2,-5.6,3.0,1.5,62.3
938,2007,LVA,-7.2,-5.6,3.0,1.5,62.3
939,2008,LVA,-7.2,-5.6,3.0,1.5,62.3
940,2009,LVA,-7.2,-5.6,3.0,1.5,62.3
941,2010,LVA,-7.2,-5.6,20.099999999999994,0.8999999999999995,63.0
942,2011,LVA,-7.2,-5.6,0.30000000000000426,6.2,59.4
943,2012,LVA,-7.2,-5.6,0.30000000000000426,6.2,59.4
944,2013,LVA,-7.2,-5.6,0.30000000000000426,6.2,59.4
945,2014,LVA,-7.2,-5.6,-4.5,2.6000000000000014,59.4
946,2015,LVA,-7.2,-5.6,-4.5,2.6000000000000014,59.4
947,2016,LVA,-7.2,-5.6,-4.5,2.6000000000000014,59.4
948,2017,LVA,-7.2,-5.6,-4.5,2.6000000000000014,59.4
949,1992,LTU,,,,,64.8
950,1993,LTU,,,,,64.8
951,1994,LTU,,,,,64.8
952,1995,LTU,,,,,64.8
953,1996,LTU,0.8000000000000007,,,4.2,38.2
954,1997,LTU,0.8000000000000007,,,4.2,38.2
955,1998,LTU,0.8000000000000007,,,4.2,38.2
956,1999,LTU,0.8000000000000007,,,4.2,38.2
957,2000,LTU,-6.9,,,-6.2,58.6
958,2001,LTU,-6.9,,,-6.2,58.6
959,2002,LTU,-6.9,,,-6.2,58.6
960,2003,LTU,-6.9,,,-6.2,58.6
961,2004,LTU,-6.9,,,-6.2,45.9
962,2005,LTU,-6.9,,,-6.2,45.9
963,2006,LTU,-6.9,,11.4,-6.2,45.9
964,2007,LTU,-6.9,,11.4,-6.2,45.9
965,2008,LTU,-6.9,,1.299999999999999,-6.2,48.6
966,2009,LTU,-6.9,,1.299999999999999,-6.2,48.6
967,2010,LTU,-6.9,,1.299999999999999,-6.2,48.6
968,2011,LTU,-6.9,,1.299999999999999,-6.2,48.6
969,2012,LTU,-6.9,,-5.1,-6.2,52.9
970,2013,LTU,-6.9,,-5.1,-6.2,52.9
971,2014,LTU,-6.9,,-5.1,-6.2,52.9
972,2015,LTU,-6.9,,-5.1,-6.2,52.9
973,2016,LTU,-6.9,,4.299999999999999,-6.2,50.6
974,2017,LTU,-6.9,,4.299999999999999,-6.2,50.6
975,1960,LUX,,,,,92.3
976,1961,LUX,,,,,92.3
977,1962,LUX,,,,,92.3
978,1963,LUX,,,,,92.3
979,1964,LUX,,3.2,,,90.6
980,1965,LUX,,3.2,,,90.6
981,1966,LUX,,3.2,,,90.6
982,1967,LUX,,3.2,,,90.6
983,1968,LUX,,2.6999999999999993,,,88.6
984,1969,LUX,,2.6999999999999993,,,88.6
985,1970,LUX,,2.6999999999999993,,,88.6
986,1971,LUX,,2.6999999999999993,,,88.6
987,1972,LUX,,2.6999999999999993,,,88.6
988,1973,LUX,,2.6999999999999993,,,88.6
989,1974,LUX,,-4.299999999999999,,,90.1
990,1975,LUX,,-4.299999999999999,,,90.1
991,1976,LUX,,-4.299999999999999,,,90.1
992,1977,LUX,,-4.299999999999999,,,90.1
993,1978,LUX,,-4.299999999999999,,,90.1
994,1979,LUX,,-3.9000000000000004,,,88.9
995,1980,LUX,,-3.9000000000000004,,,88.9
996,1981,LUX,,-3.9000000000000004,,,88.9
997,1982,LUX,,-3.9000000000000004,,,88.9
998,1983,LUX,,-3.9000000000000004,,,88.9
999,1984,LUX,,-0.5,,,88.8
1000,1985,LUX,,-0.5,,,88.8
1001,1986,LUX,,-0.5,,,88.8
1002,1987,LUX,,-0.5,,,88.8
1003,1988,LUX,,-0.5,,,88.8
1004,1989,LUX,,-0.5,,2.3,87.3
1005,1990,LUX,,-0.5,,2.3,87.3
1006,1991,LUX,,-0.5,,2.3,87.3
1007,1992,LUX,,-0.5,,2.3,87.3
1008,1993,LUX,,-0.5,,2.3,87.3
1009,1994,LUX,,-4.4,,-2.3,88.3
1010,1995,LUX,,-4.4,,-2.3,88.3
1011,1996,LUX,,-4.4,,-2.3,88.3
1012,1997,LUX,,-4.4,,-2.3,88.3
1013,1998,LUX,,-4.4,,-2.3,88.3
1014,1999,LUX,4.5,-4.4,,-2.3,86.5
1015,2000,LUX,4.5,-4.4,,-2.3,86.5
1016,2001,LUX,4.5,-4.4,,-2.3,86.5
1017,2002,LUX,4.5,-4.4,,-2.3,86.5
1018,2003,LUX,4.5,-4.4,,-2.3,86.5
1019,2004,LUX,-4.5,-4.4,,-2.3,91.9
1020,2005,LUX,-4.5,-4.4,,-2.3,91.9
1021,2006,LUX,-4.5,-4.4,,-2.3,91.9
1022,2007,LUX,-4.5,-4.4,,-2.3,91.9
1023,2008,LUX,-4.5,-4.4,,-2.3,91.9
1024,2009,LUX,3.3,-4.4,,-2.3,90.9
1025,2010,LUX,3.3,-4.4,,-2.3,90.9
1026,2011,LUX,3.3,-4.4,,-2.3,90.9
1027,2012,LUX,3.3,-4.4,,-2.3,90.9
1028,2013,LUX,1.2000000000000002,-4.4,,-2.3,91.3
1029,2014,LUX,1.2000000000000002,-4.4,,-2.3,91.3
1030,2015,LUX,1.2000000000000002,-4.4,,-2.3,91.3
1031,2016,LUX,1.2000000000000002,-4.4,,-2.3,91.3
1032,2017,LUX,1.2000000000000002,-4.4,,-2.3,91.3
1033,1966,MLT,,,,,89.7
1034,1967,MLT,,,,,89.7
1035,1968,MLT,,,,,89.7
1036,1969,MLT,,,,,89.7
1037,1970,MLT,,,,,89.7
1038,1971,MLT,,,,,92.9
1039,1972,MLT,,,,,92.9
1040,1973,MLT,,,,,92.9
1041,1974,MLT,,,,,92.9
1042,1975,MLT,,,,,92.9
1043,1976,MLT,,,,,94.89
1044,1977,MLT,,,,,94.89
1045,1978,MLT,,,,,94.89
1046,1979,MLT,,,,,94.89
1047,1980,MLT,,,,,94.89
1048,1981,MLT,,,,,94.6
1049,1982,MLT,,,,,94.6
1050,1983,MLT,,,,,94.6
1051,1984,MLT,,,,,94.6
1052,1985,MLT,,,,,94.6
1053,1986,MLT,,,,,94.6
1054,1987,MLT,,,,,96.11
1055,1988,MLT,,,,,96.11
1056,1989,MLT,,,,,96.11
1057,1990,MLT,,,,,96.1
1058,1991,MLT,,,,,96.1
1059,1992,MLT,,,,,96.0
1060,1993,MLT,,,,,96.0
1061,1994,MLT,,,,,96.0
1062,1995,MLT,,,,,96.0
1063,1996,MLT,,,,,97.2
1064,1997,MLT,,,,,97.2
1065,1998,MLT,,,,,95.4
1066,1999,MLT,,,,,95.4
1067,2000,MLT,,,,,95.4
1068,2001,MLT,,,,,95.4
1069,2002,MLT,,,,,95.4
1070,2003,MLT,,,,,96.9
1071,2004,MLT,,,,,96.9
1072,2005,MLT,,,,,96.9
1073,2006,MLT,,,,,96.9
1074,2007,MLT,,,,,96.9
1075,2008,MLT,,,,,93.3
1076,2009,MLT,,,,,93.3
1077,2010,MLT,,,,,93.3
1078,2011,MLT,,,,,93.3
1079,2012,MLT,,,,,93.3
1080,2013,MLT,,,,,93.0
1081,2014,MLT,,,,,93.0
1082,2015,MLT,,,,,93.0
1083,2016,MLT,,,,,93.0
1084,2017,MLT,,,,,92.1
1085,1960,NLD,,,,,95.6
1086,1961,NLD,,,,,95.6
1087,1962,NLD,,,,,95.6
1088,1963,NLD,3.0,0.3999999999999999,,,95.1
1089,1964,NLD,3.0,0.3999999999999999,,,95.1
1090,1965,NLD,3.0,0.3999999999999999,,,95.1
1091,1966,NLD,3.0,0.3999999999999999,,,95.1
1092,1967,NLD,-0.10000000000000009,0.8000000000000003,,,94.9
1093,1968,NLD,-0.10000000000000009,0.8000000000000003,,,94.9
1094,1969,NLD,-0.10000000000000009,0.8000000000000003,,,94.9
1095,1970,NLD,-0.10000000000000009,0.8000000000000003,,,94.9
1096,1971,NLD,-2.9,0.2999999999999998,,,79.1
1097,1972,NLD,-2.9,0.6000000000000001,,,83.5
1098,1973,NLD,-2.9,0.6000000000000001,,,83.5
1099,1974,NLD,-2.9,0.6000000000000001,,,83.5
1100,1975,NLD,-2.9,0.6000000000000001,,,83.5
1101,1976,NLD,-2.9,0.6000000000000001,,,83.5
1102,1977,NLD,-2.9,-4.5,,,88.0
1103,1978,NLD,-2.9,-4.5,,,88.0
1104,1979,NLD,-2.9,-4.5,,,88.0
1105,1980,NLD,-2.9,-4.5,,,88.0
1106,1981,NLD,2.1,2.1,,,87.0
1107,1982,NLD,0.19999999999999973,-2.1,,,81.0
1108,1983,NLD,0.19999999999999973,-2.1,,,81.0
1109,1984,NLD,0.19999999999999973,-2.1,,,81.0
1110,1985,NLD,0.19999999999999973,-2.1,,,81.0
1111,1986,NLD,-2.3,-2.1,,,85.8
1112,1987,NLD,-2.3,-2.1,,,85.8
1113,1988,NLD,-2.3,-2.1,,,85.8
1114,1989,NLD,-2.3,-2.1,,,80.3
1115,1990,NLD,-2.3,-2.1,,,80.3
1116,1991,NLD,-2.3,-2.1,,,80.3
1117,1992,NLD,-2.3,-2.1,,,80.3
1118,1993,NLD,-2.3,-2.1,,,80.3
1119,1994,NLD,-2.3,-2.1,,2.5,78.8
1120,1995,NLD,-2.3,-2.1,,2.5,78.8
1121,1996,NLD,-2.3,-2.1,,2.5,78.8
1122,1997,NLD,-2.3,-2.1,,2.5,78.8
1123,1998,NLD,3.5,-2.1,,-2.5,73.3
1124,1999,NLD,3.5,-2.1,,-2.5,73.3
1125,2000,NLD,3.5,-2.1,,-2.5,73.3
1126,2001,NLD,3.5,-2.1,,-2.5,73.3
1127,2002,NLD,2.4000000000000004,-2.1,,17.0,79.1
1128,2003,NLD,0.39999999999999947,-2.1,,-11.4,80.0
1129,2004,NLD,0.39999999999999947,-2.1,,-11.4,80.0
1130,2005,NLD,0.39999999999999947,-2.1,,-11.4,80.0
1131,2006,NLD,10.3,-2.1,,0.3000000000000007,80.4
1132,2007,NLD,10.3,-2.1,,0.3000000000000007,80.4
1133,2008,NLD,10.3,-2.1,,0.3000000000000007,80.4
1134,2009,NLD,10.3,-2.1,,0.3000000000000007,80.4
1135,2010,NLD,-6.800000000000001,-2.1,,9.6,75.4
1136,2011,NLD,-6.800000000000001,-2.1,,9.6,75.4
1137,2012,NLD,-0.10000000000000142,-2.1,,-5.4,74.6
1138,2013,NLD,-0.10000000000000142,-2.1,,-5.4,74.6
1139,2014,NLD,-0.10000000000000142,-2.1,,-5.4,74.6
1140,2015,NLD,-0.10000000000000142,-2.1,,-5.4,74.6
1141,2016,NLD,-0.10000000000000142,-2.1,,-5.4,74.6
1142,2017,NLD,-0.5999999999999996,-2.1,,3.0,81.6
1143,1960,NZL,,,,,89.7
1144,1961,NZL,,,,,89.7
1145,1962,NZL,,,,,89.7
1146,1963,NZL,,,-0.5,,90.2
1147,1964,NZL,,,-0.5,,90.2
1148,1965,NZL,,,-0.5,,90.2
1149,1966,NZL,,,-3.5,,86.0
1150,1967,NZL,,,-3.5,,86.0
1151,1968,NZL,,,-3.5,,86.0
1152,1969,NZL,,,1.6000000000000014,,88.9
1153,1970,NZL,,,1.6000000000000014,,88.9
1154,1971,NZL,,,1.6000000000000014,,88.9
1155,1972,NZL,,,-3.700000000000003,,89.1
1156,1973,NZL,,,-3.700000000000003,,89.1
1157,1974,NZL,,,-3.700000000000003,,89.1
1158,1975,NZL,,,6.100000000000001,,82.5
1159,1976,NZL,,,6.100000000000001,,82.5
1160,1977,NZL,,,6.100000000000001,,82.5
1161,1978,NZL,,,-7.800000000000004,,83.7
1162,1979,NZL,,,-7.800000000000004,,83.7
1163,1980,NZL,,,-7.800000000000004,,83.7
1164,1981,NZL,,,-1.0,,89.0
1165,1982,NZL,,,-1.0,,89.0
1166,1983,NZL,,,-1.0,,89.0
1167,1984,NZL,,,-2.8999999999999986,,91.7
1168,1985,NZL,,,-2.8999999999999986,,91.7
1169,1986,NZL,,,-2.8999999999999986,,91.7
1170,1987,NZL,,5.7,8.100000000000001,,87.2
1171,1988,NZL,,5.7,8.100000000000001,,87.2
1172,1989,NZL,,5.7,8.100000000000001,,87.2
1173,1990,NZL,,-5.7,4.200000000000003,,83.2
1174,1991,NZL,,-5.7,4.200000000000003,,83.2
1175,1992,NZL,,-5.7,4.200000000000003,,83.2
1176,1993,NZL,,-5.7,-13.100000000000001,8.4,82.8
1177,1994,NZL,,-5.7,-13.100000000000001,8.4,82.8
1178,1995,NZL,,-5.7,-13.100000000000001,8.4,82.8
1179,1996,NZL,,-5.7,-1.3000000000000043,5.0,88.8
1180,1997,NZL,,-5.7,-1.3000000000000043,5.0,88.8
1181,1998,NZL,,-5.7,-1.3000000000000043,5.0,88.8
1182,1999,NZL,,-5.7,-3.299999999999997,-9.100000000000001,84.8
1183,2000,NZL,,-5.7,-3.299999999999997,-9.100000000000001,84.8
1184,2001,NZL,,-5.7,-3.299999999999997,-9.100000000000001,84.8
1185,2002,NZL,,-5.7,-2.900000000000002,6.1000000000000005,77.0
1186,2003,NZL,,-5.7,-2.900000000000002,6.1000000000000005,77.0
1187,2004,NZL,,-5.7,-2.900000000000002,6.1000000000000005,77.0
1188,2005,NZL,,-5.7,14.200000000000006,-4.7,77.0
1189,2006,NZL,,-5.7,14.200000000000006,-4.7,77.0
1190,2007,NZL,,-5.7,14.200000000000006,-4.7,77.0
1191,2008,NZL,,-5.7,3.0999999999999943,-1.6000000000000005,75.1
1192,2009,NZL,,-5.7,3.0999999999999943,-1.6000000000000005,75.1
1193,2010,NZL,,-5.7,3.0999999999999943,-1.6000000000000005,75.1
1194,2011,NZL,,-5.7,2.3999999999999986,2.5,69.6
1195,2012,NZL,,-5.7,2.3999999999999986,2.5,69.6
1196,2013,NZL,,-5.7,2.3999999999999986,2.5,69.6
1197,2014,NZL,,-5.7,3.700000000000003,2.0999999999999996,70.9
1198,2015,NZL,,-5.7,3.700000000000003,2.0999999999999996,70.9
1199,2016,NZL,,-5.7,3.700000000000003,2.0999999999999996,70.9
1200,2017,NZL,,-5.7,-6.5,-1.4999999999999991,72.9
1201,1960,NOR,,,,,78.3
1202,1961,NOR,2.4,-0.5,1.1000000000000014,,79.1
1203,1962,NOR,2.4,-0.5,1.1000000000000014,,79.1
1204,1963,NOR,2.4,-0.5,1.1000000000000014,,79.1
1205,1964,NOR,2.4,-0.5,1.1000000000000014,,79.1
1206,1965,NOR,3.6,-2.9,1.1000000000000014,,85.4
1207,1966,NOR,3.6,-2.9,1.1000000000000014,,85.4
1208,1967,NOR,3.6,-2.9,1.1000000000000014,,85.4
1209,1968,NOR,3.6,-2.9,1.1000000000000014,,85.4
1210,1969,NOR,-2.6,-2.9,-1.6000000000000014,,83.8
1211,1970,NOR,-2.6,-2.9,-1.6000000000000014,,83.8
1212,1971,NOR,-2.6,-2.9,-1.6000000000000014,,83.8
1213,1972,NOR,-2.6,-2.9,-1.6000000000000014,,83.8
1214,1973,NOR,7.799999999999999,-2.9,-2.1000000000000014,,80.2
1215,1974,NOR,7.799999999999999,-2.9,-2.1000000000000014,,80.2
1216,1975,NOR,7.799999999999999,-2.9,-2.1000000000000014,,80.2
1217,1976,NOR,7.799999999999999,-2.9,-2.1000000000000014,,80.2
1218,1977,NOR,-6.999999999999999,-2.9,7.400000000000002,,82.9
1219,1978,NOR,-6.999999999999999,-2.9,7.400000000000002,,82.9
1220,1979,NOR,-6.999999999999999,-2.9,7.400000000000002,,82.9
1221,1980,NOR,-6.999999999999999,-2.9,7.400000000000002,,82.9
1222,1981,NOR,0.7000000000000002,-2.9,6.899999999999999,,82.0
1223,1982,NOR,0.7000000000000002,-2.9,6.899999999999999,,82.0
1224,1983,NOR,0.7000000000000002,-2.9,6.899999999999999,,82.0
1225,1984,NOR,0.7000000000000002,-2.9,6.899999999999999,,82.0
1226,1985,NOR,0.5999999999999996,-2.9,-1.3000000000000007,,84.0
1227,1986,NOR,0.5999999999999996,-2.9,-1.3000000000000007,,84.0
1228,1987,NOR,0.5999999999999996,-2.9,-1.3000000000000007,,84.0
1229,1988,NOR,0.5999999999999996,-2.9,-1.3000000000000007,,84.0
1230,1989,NOR,4.6,-2.9,-8.2,,83.2
1231,1990,NOR,4.6,-2.9,-8.2,,83.2
1232,1991,NOR,4.6,-2.9,-8.2,,83.2
1233,1992,NOR,4.6,-2.9,-8.2,,83.2
1234,1993,NOR,-2.1999999999999993,-2.9,-5.199999999999999,,75.8
1235,1994,NOR,-2.1999999999999993,-2.9,-5.199999999999999,,75.8
1236,1995,NOR,-2.1999999999999993,-2.9,-5.199999999999999,,75.8
1237,1996,NOR,-2.1999999999999993,-2.9,-5.199999999999999,,75.8
1238,1997,NOR,-1.9000000000000004,-2.9,-2.6999999999999993,,78.3
1239,1998,NOR,-1.9000000000000004,-2.9,-2.6999999999999993,,78.3
1240,1999,NOR,-1.9000000000000004,-2.9,-2.6999999999999993,,78.3
1241,2000,NOR,-1.9000000000000004,-2.9,-2.6999999999999993,,78.3
1242,2001,NOR,6.5,-2.9,6.899999999999999,,75.5
1243,2002,NOR,6.5,-2.9,6.899999999999999,,75.5
1244,2003,NOR,6.5,-2.9,6.899999999999999,,75.5
1245,2004,NOR,6.5,-2.9,6.899999999999999,,75.5
1246,2005,NOR,-3.6999999999999993,-2.9,-7.1,,77.4
1247,2006,NOR,-3.6999999999999993,-2.9,-7.1,,77.4
1248,2007,NOR,-3.6999999999999993,-2.9,-7.1,,77.4
1249,2008,NOR,-3.6999999999999993,-2.9,-7.1,,77.4
1250,2009,NOR,-2.6000000000000005,-2.9,3.0999999999999996,,76.4
1251,2010,NOR,-2.6000000000000005,-2.9,3.0999999999999996,,76.4
1252,2011,NOR,-2.6000000000000005,-2.9,3.0999999999999996,,76.4
1253,2012,NOR,-2.6000000000000005,-2.9,3.0999999999999996,,76.4
1254,2013,NOR,-2.1000000000000005,-2.9,9.600000000000001,16.3,78.2
1255,2014,NOR,-2.1000000000000005,-2.9,9.600000000000001,16.3,78.2
1256,2015,NOR,-2.1000000000000005,-2.9,9.600000000000001,16.3,78.2
1257,2016,NOR,-2.1000000000000005,-2.9,9.600000000000001,16.3,78.2
1258,2017,NOR,1.9000000000000004,2.4,-1.8000000000000007,-1.1000000000000014,78.2
1259,1991,POL,,,,,43.2
1260,1992,POL,,,,,43.2
1261,1993,POL,,,-1.5999999999999988,1.0,52.1
1262,1994,POL,,,-1.5999999999999988,1.0,52.1
1263,1995,POL,,,-1.5999999999999988,1.0,52.1
1264,1996,POL,,,-1.5999999999999988,1.0,52.1
1265,1997,POL,,,-5.1000000000000005,-2.9000000000000004,47.9
1266,1998,POL,,,-5.1000000000000005,-2.9000000000000004,47.9
1267,1999,POL,,,-5.1000000000000005,-2.9000000000000004,47.9
1268,2000,POL,,,-5.1000000000000005,-2.9000000000000004,47.9
1269,2001,POL,,,7.5,-5.6,46.2
1270,2002,POL,,,7.5,-5.6,46.2
1271,2003,POL,,,7.5,-5.6,46.2
1272,2004,POL,,,7.5,-5.6,46.2
1273,2005,POL,,,17.5,-5.6,40.6
1274,2006,POL,,,17.5,-5.6,40.6
1275,2007,POL,,,5.100000000000001,-5.6,53.8
1276,2008,POL,,,5.100000000000001,-5.6,53.8
1277,2009,POL,,,5.100000000000001,-5.6,53.8
1278,2010,POL,,,5.100000000000001,-5.6,53.8
1279,2011,POL,,,5.100000000000001,-5.6,48.9
1280,2012,POL,,,5.100000000000001,-5.6,48.9
1281,2013,POL,,,5.100000000000001,-5.6,48.9
1282,2014,POL,,,5.100000000000001,-5.6,48.9
1283,2015,POL,,,5.5,8.8,50.9
1284,2016,POL,,,5.5,8.8,50.9
1285,2017,POL,,,5.5,8.8,50.9
1286,1975,PRT,,,,,91.7
1287,1976,PRT,,-2.599999999999998,,,83.3
1288,1977,PRT,,-2.599999999999998,,,83.3
1289,1978,PRT,,-2.599999999999998,,,83.3
1290,1979,PRT,2.2,4.199999999999999,,,87.5
1291,1980,PRT,-2.2,-2.1000000000000014,,,85.4
1292,1981,PRT,-2.2,-2.1000000000000014,,,85.4
1293,1982,PRT,-2.2,-2.1000000000000014,,,85.4
1294,1983,PRT,-2.2,1.3000000000000007,,,78.6
1295,1984,PRT,-2.2,1.3000000000000007,,,78.6
1296,1985,PRT,-2.2,-2.6999999999999993,,,75.4
1297,1986,PRT,-2.2,-2.6999999999999993,,,75.4
1298,1987,PRT,-2.2,-3.5,,,72.6
1299,1988,PRT,-2.2,-3.5,,,72.6
1300,1989,PRT,-2.2,-3.5,,,72.6
1301,1990,PRT,-2.2,-3.5,,,72.6
1302,1991,PRT,-2.2,-3.6999999999999993,,,68.2
1303,1992,PRT,-2.2,-3.6999999999999993,,,68.2
1304,1993,PRT,-2.2,-3.6999999999999993,,,68.2
1305,1994,PRT,-2.2,-3.6999999999999993,,,68.2
1306,1995,PRT,-2.2,-0.20000000000000107,,,66.3
1307,1996,PRT,-2.2,-0.20000000000000107,,,66.3
1308,1997,PRT,-2.2,-0.20000000000000107,,,66.3
1309,1998,PRT,-2.2,-0.20000000000000107,,,66.3
1310,1999,PRT,2.5,0.40000000000000036,,,61.8
1311,2000,PRT,2.5,0.40000000000000036,,,61.8
1312,2001,PRT,2.5,0.40000000000000036,,,61.8
1313,2002,PRT,0.20000000000000018,-2.0999999999999996,,,61.5
1314,2003,PRT,0.20000000000000018,-2.0999999999999996,,,61.5
1315,2004,PRT,0.20000000000000018,-2.0999999999999996,,,61.5
1316,2005,PRT,3.8,0.7999999999999998,,,64.3
1317,2006,PRT,3.8,0.7999999999999998,,,64.3
1318,2007,PRT,3.8,0.7999999999999998,,,64.3
1319,2008,PRT,3.8,0.7999999999999998,,,64.3
1320,2009,PRT,3.5999999999999996,0.39999999999999947,,,59.7
1321,2010,PRT,3.5999999999999996,0.39999999999999947,,,59.7
1322,2011,PRT,-4.699999999999999,0.09999999999999964,,,58.0
1323,2012,PRT,-4.699999999999999,0.09999999999999964,,,58.0
1324,2013,PRT,-4.699999999999999,0.09999999999999964,,,58.0
1325,2014,PRT,-4.699999999999999,0.09999999999999964,,,58.0
1326,2015,PRT,5.199999999999999,0.40000000000000036,,,55.9
1327,2016,PRT,5.199999999999999,0.40000000000000036,,,55.9
1328,2017,PRT,5.199999999999999,0.40000000000000036,,,55.9
1329,1990,ROU,,,,,86.2
1330,1991,ROU,,,,,86.2
1331,1992,ROU,,,,9.5,76.3
1332,1993,ROU,,,,9.5,76.3
1333,1994,ROU,,,,9.5,76.3
1334,1995,ROU,,,,9.5,76.3
1335,1996,ROU,2.3,,,-2.6999999999999993,76.0
1336,1997,ROU,2.3,,,-2.6999999999999993,76.0
1337,1998,ROU,2.3,,,-2.6999999999999993,76.0
1338,1999,ROU,2.3,,,-2.6999999999999993,76.0
1339,2000,ROU,-2.3,,,10.6,65.3
1340,2001,ROU,-2.3,,,10.6,65.3
1341,2002,ROU,-2.3,,,10.6,65.3
1342,2003,ROU,-2.3,,,10.6,65.3
1343,2004,ROU,-2.3,,,-6.5,58.5
1344,2005,ROU,-2.3,,,-6.5,58.5
1345,2006,ROU,-2.3,,,-6.5,58.5
1346,2007,ROU,-2.3,,,-6.5,58.5
1347,2008,ROU,-2.3,,,-9.8,39.2
1348,2009,ROU,-2.3,,,-9.8,39.2
1349,2010,ROU,-2.3,,,-9.8,39.2
1350,2011,ROU,-2.3,,,-9.8,39.2
1351,2012,ROU,-2.3,,,-3.2,40.9
1352,2013,ROU,-2.3,,,-3.2,40.9
1353,2014,ROU,-2.3,,,-3.2,40.9
1354,2015,ROU,-2.3,,,-3.2,40.9
1355,2016,ROU,-2.3,,,-3.2,39.8
1356,2017,ROU,-2.3,,,-3.2,39.8
1357,1990,SVK,,,,,95.4
1358,1991,SVK,,,,,95.4
1359,1992,SVK,,,,31.299999999999997,84.2
1360,1993,SVK,,,,31.299999999999997,84.2
1361,1994,SVK,7.4,2.7,,-4.799999999999997,75.7
1362,1995,SVK,7.4,2.7,,-4.799999999999997,75.7
1363,1996,SVK,7.4,2.7,,-4.799999999999997,75.7
1364,1997,SVK,7.4,2.7,,-4.799999999999997,75.7
1365,1998,SVK,7.299999999999999,0.09999999999999964,,-4.299999999999997,84.2
1366,1999,SVK,7.299999999999999,0.09999999999999964,,-4.299999999999997,84.2
1367,2000,SVK,7.299999999999999,0.09999999999999964,,-4.299999999999997,84.2
1368,2001,SVK,7.299999999999999,0.09999999999999964,,-4.299999999999997,84.2
1369,2002,SVK,-14.7,3.5,,-6.300000000000001,70.0
1370,2003,SVK,-14.7,3.5,,-6.300000000000001,70.0
1371,2004,SVK,-14.7,3.5,,-6.300000000000001,70.0
1372,2005,SVK,-14.7,3.5,,-6.300000000000001,70.0
1373,2006,SVK,-14.7,-2.4,,-9.3,54.7
1374,2007,SVK,-14.7,-2.4,,-9.3,54.7
1375,2008,SVK,-14.7,-2.4,,-9.3,54.7
1376,2009,SVK,-14.7,-2.4,,-9.3,54.7
1377,2010,SVK,-14.7,-3.9,,-11.100000000000001,58.8
1378,2011,SVK,-14.7,-3.9,,-11.100000000000001,58.8
1379,2012,SVK,-14.7,-3.9,8.6,-4.799999999999999,59.1
1380,2013,SVK,-14.7,-3.9,8.6,-4.799999999999999,59.1
1381,2014,SVK,-14.7,-3.9,8.6,-4.799999999999999,59.1
1382,2015,SVK,-14.7,-3.9,8.6,-4.799999999999999,59.1
1383,2016,SVK,-14.7,-3.9,14.600000000000003,12.000000000000002,59.8
1384,2017,SVK,-14.7,-3.9,14.600000000000003,12.000000000000002,59.8
1385,1990,SVN,,,,,77.0
1386,1991,SVN,,,,,77.0
1387,1992,SVN,,,2.2,10.0,85.6
1388,1993,SVN,,,2.2,10.0,85.6
1389,1994,SVN,,,2.2,10.0,85.6
1390,1995,SVN,,,2.2,10.0,85.6
1391,1996,SVN,,,-2.2,-6.8,73.7
1392,1997,SVN,,,-2.2,-6.8,73.7
1393,1998,SVN,,,-2.2,-6.8,73.7
1394,1999,SVN,,,-2.2,-6.8,73.7
1395,2000,SVN,,,-2.2,1.2000000000000002,70.1
1396,2001,SVN,,,-2.2,1.2000000000000002,70.1
1397,2002,SVN,,,-2.2,1.2000000000000002,70.1
1398,2003,SVN,,,-2.2,1.2000000000000002,70.1
1399,2004,SVN,,,-2.2,1.8999999999999995,60.5
1400,2005,SVN,,,-2.2,1.8999999999999995,60.5
1401,2006,SVN,,,-2.2,1.8999999999999995,60.5
1402,2007,SVN,,,-2.2,1.8999999999999995,60.5
1403,2008,SVN,,,-2.2,-0.8999999999999995,63.1
1404,2009,SVN,,,-2.2,-0.8999999999999995,63.1
1405,2010,SVN,,,-2.2,-0.8999999999999995,63.1
1406,2011,SVN,,,-2.2,-5.4,65.6
1407,2012,SVN,,,-2.2,-5.4,65.6
1408,2013,SVN,,,-2.2,-5.4,65.6
1409,2014,SVN,6.0,,-2.2,2.2,51.7
1410,2015,SVN,6.0,,-2.2,2.2,51.7
1411,2016,SVN,6.0,,-2.2,2.2,51.7
1412,2017,SVN,6.0,,-2.2,2.2,51.7
1413,1977,ESP,,,,,77.0
1414,1978,ESP,,,,,77.0
1415,1979,ESP,,1.5,-1.6999999999999957,2.1,68.1
1416,1980,ESP,,1.5,-1.6999999999999957,2.1,68.1
1417,1981,ESP,,1.5,-1.6999999999999957,2.1,68.1
1418,1982,ESP,,-6.700000000000001,-5.300000000000004,-2.1,79.8
1419,1983,ESP,,-6.700000000000001,-5.300000000000004,-2.1,79.8
1420,1984,ESP,,-6.700000000000001,-5.300000000000004,-2.1,79.8
1421,1985,ESP,,-6.700000000000001,-5.300000000000004,-2.1,79.8
1422,1986,ESP,,-0.2999999999999998,-0.8999999999999986,-2.1,70.6
1423,1987,ESP,,-0.2999999999999998,-0.8999999999999986,-2.1,70.6
1424,1988,ESP,,-0.2999999999999998,-0.8999999999999986,-2.1,70.6
1425,1989,ESP,,5.3,-1.5999999999999943,-2.1,70.0
1426,1990,ESP,,5.3,-1.5999999999999943,-2.1,70.0
1427,1991,ESP,,5.3,-1.5999999999999943,-2.1,70.0
1428,1992,ESP,,5.3,-1.5999999999999943,-2.1,70.0
1429,1993,ESP,,0.5,1.0999999999999943,-2.1,76.4
1430,1994,ESP,,0.5,1.0999999999999943,-2.1,76.4
1431,1995,ESP,,0.5,1.0999999999999943,-2.1,76.4
1432,1996,ESP,,0.9000000000000004,4.0,-2.1,77.4
1433,1997,ESP,,0.9000000000000004,4.0,-2.1,77.4
1434,1998,ESP,,0.9000000000000004,4.0,-2.1,77.4
1435,1999,ESP,,0.9000000000000004,4.0,-2.1,77.4
1436,2000,ESP,,-5.0,5.700000000000003,-2.1,68.7
1437,2001,ESP,,-5.0,5.700000000000003,-2.1,68.7
1438,2002,ESP,,-5.0,5.700000000000003,-2.1,68.7
1439,2003,ESP,,-5.0,5.700000000000003,-2.1,68.7
1440,2004,ESP,,-0.5,-6.799999999999997,-2.1,75.7
1441,2005,ESP,,-0.5,-6.799999999999997,-2.1,75.7
1442,2006,ESP,,-0.5,-6.799999999999997,-2.1,75.7
1443,2007,ESP,,-0.5,-6.799999999999997,-2.1,75.7
1444,2008,ESP,,-1.2000000000000002,2.1999999999999957,-2.1,73.9
1445,2009,ESP,,-1.2000000000000002,2.1999999999999957,-2.1,73.9
1446,2010,ESP,,-1.2000000000000002,2.1999999999999957,-2.1,73.9
1447,2011,ESP,,3.1000000000000005,4.700000000000003,-2.1,68.9
1448,2012,ESP,,3.1000000000000005,4.700000000000003,-2.1,68.9
1449,2013,ESP,,3.1000000000000005,4.700000000000003,-2.1,68.9
1450,2014,ESP,,3.1000000000000005,4.700000000000003,-2.1,68.9
1451,2015,ESP,20.8,-3.2,-15.700000000000003,-2.1,73.2
1452,2016,ESP,-0.8999999999999986,-3.7,4.399999999999999,-2.1,66.5
1453,2017,ESP,-0.8999999999999986,-3.7,4.399999999999999,-2.1,66.5
1454,1960,SWE,,,,,85.9
1455,1961,SWE,,,,,85.9
1456,1962,SWE,,,,,85.9
1457,1963,SWE,,,,,85.9
1458,1964,SWE,,0.7000000000000002,-2.900000000000002,,83.9
1459,1965,SWE,,0.7000000000000002,-2.900000000000002,,83.9
1460,1966,SWE,,0.7000000000000002,-2.900000000000002,,83.9
1461,1967,SWE,,0.7000000000000002,-2.900000000000002,,83.9
1462,1968,SWE,,-2.2,-0.7999999999999989,,89.3
1463,1969,SWE,,-2.2,-0.7999999999999989,,89.3
1464,1970,SWE,,1.7999999999999998,-1.4000000000000004,,88.3
1465,1971,SWE,,1.7999999999999998,-1.4000000000000004,,88.3
1466,1972,SWE,,1.7999999999999998,-1.4000000000000004,,88.3
1467,1973,SWE,,0.5,2.8000000000000007,,90.8
1468,1974,SWE,,0.5,2.8000000000000007,,90.8
1469,1975,SWE,,0.5,2.8000000000000007,,90.8
1470,1976,SWE,,-0.5,1.299999999999999,,91.8
1471,1977,SWE,,-0.5,1.299999999999999,,91.8
1472,1978,SWE,,-0.5,1.299999999999999,,91.8
1473,1979,SWE,,0.7999999999999998,4.700000000000001,,90.7
1474,1980,SWE,,0.7999999999999998,4.700000000000001,,90.7
1475,1981,SWE,,0.7999999999999998,4.700000000000001,,90.7
1476,1982,SWE,,0.7999999999999998,3.3000000000000007,,91.4
1477,1983,SWE,,0.7999999999999998,3.3000000000000007,,91.4
1478,1984,SWE,,0.7999999999999998,3.3000000000000007,,91.4
1479,1985,SWE,,-0.1999999999999993,-2.3000000000000007,,89.9
1480,1986,SWE,,-0.1999999999999993,-2.3000000000000007,,89.9
1481,1987,SWE,,-0.1999999999999993,-2.3000000000000007,,89.9
1482,1988,SWE,,0.39999999999999947,-3.0,,86.0
1483,1989,SWE,,0.39999999999999947,-3.0,,86.0
1484,1990,SWE,,0.39999999999999947,-3.0,,86.0
1485,1991,SWE,4.5,-5.8,3.599999999999998,6.7,86.7
1486,1992,SWE,4.5,-5.8,3.599999999999998,6.7,86.7
1487,1993,SWE,4.5,-5.8,3.599999999999998,6.7,86.7
1488,1994,SWE,1.7000000000000002,-5.8,0.5,-6.7,86.8
1489,1995,SWE,1.7000000000000002,-5.8,0.5,-6.7,86.8
1490,1996,SWE,1.7000000000000002,-5.8,0.5,-6.7,86.8
1491,1997,SWE,1.7000000000000002,-5.8,0.5,-6.7,86.8
1492,1998,SWE,5.8,-5.8,0.5,-6.7,81.4
1493,1999,SWE,5.8,-5.8,0.5,-6.7,81.4
1494,2000,SWE,5.8,-5.8,0.5,-6.7,81.4
1495,2001,SWE,5.8,-5.8,0.5,-6.7,81.4
1496,2002,SWE,-3.5999999999999996,-5.8,-7.599999999999998,-6.7,80.1
1497,2003,SWE,-3.5999999999999996,-5.8,-7.599999999999998,-6.7,80.1
1498,2004,SWE,-3.5999999999999996,-5.8,-7.599999999999998,-6.7,80.1
1499,2005,SWE,-3.5999999999999996,-5.8,-7.599999999999998,-6.7,80.1
1500,2006,SWE,-2.5,-5.8,10.899999999999999,2.9,82.0
1501,2007,SWE,-2.5,-5.8,10.899999999999999,2.9,82.0
1502,2008,SWE,-2.5,-5.8,10.899999999999999,2.9,82.0
1503,2009,SWE,-2.5,-5.8,10.899999999999999,2.9,82.0
1504,2010,SWE,-0.3000000000000007,-5.8,3.900000000000002,2.8000000000000003,84.6
1505,2011,SWE,-0.3000000000000007,-5.8,3.900000000000002,2.8000000000000003,84.6
1506,2012,SWE,-0.3000000000000007,-5.8,3.900000000000002,2.8000000000000003,84.6
1507,2013,SWE,-0.3000000000000007,-5.8,3.900000000000002,2.8000000000000003,84.6
1508,2014,SWE,0.10000000000000053,-5.8,-6.800000000000001,7.2,85.8
1509,2015,SWE,0.10000000000000053,-5.8,-6.800000000000001,7.2,85.8
1510,2016,SWE,0.10000000000000053,-5.8,-6.800000000000001,7.2,85.8
1511,2017,SWE,0.10000000000000053,-5.8,-6.800000000000001,7.2,85.8
1512,1960,CHE,,,,,68.5
1513,1961,CHE,,,,,68.5
1514,1962,CHE,,,,,68.5
1515,1963,CHE,,-0.5,,,64.5
1516,1964,CHE,,-0.5,,,64.5
1517,1965,CHE,,-0.5,,,64.5
1518,1966,CHE,,-0.5,,,64.5
1519,1967,CHE,,0.6999999999999997,,,63.8
1520,1968,CHE,,0.6999999999999997,,,63.8
1521,1969,CHE,,0.6999999999999997,,,63.8
1522,1970,CHE,,0.6999999999999997,,,63.8
1523,1971,CHE,,-0.2999999999999998,,6.5,56.4
1524,1972,CHE,,-0.2999999999999998,,6.5,56.4
1525,1973,CHE,,-0.2999999999999998,,6.5,56.4
1526,1974,CHE,,-0.2999999999999998,,6.5,56.4
1527,1975,CHE,,-0.20000000000000018,,-1.0,52.4
1528,1976,CHE,,-0.20000000000000018,,-1.0,52.4
1529,1977,CHE,,-0.20000000000000018,,-1.0,52.4
1530,1978,CHE,,-0.20000000000000018,,-1.0,52.4
1531,1979,CHE,,-0.2999999999999998,,-5.5,48.1
1532,1980,CHE,,-0.2999999999999998,,-5.5,48.1
1533,1981,CHE,,-0.2999999999999998,,-5.5,48.1
1534,1982,CHE,,-0.2999999999999998,,-5.5,48.1
1535,1983,CHE,2.2,-2.1,,2.9,48.9
1536,1984,CHE,2.2,-2.1,,2.9,48.9
1537,1985,CHE,2.2,-2.1,,2.9,48.9
1538,1986,CHE,2.2,-2.1,,2.9,48.9
1539,1987,CHE,-2.2,-2.1,,2.6999999999999997,46.2
1540,1988,CHE,-2.2,-2.1,,2.6999999999999997,46.2
1541,1989,CHE,-2.2,-2.1,,2.6999999999999997,46.2
1542,1990,CHE,-2.2,-2.1,,2.6999999999999997,46.2
1543,1991,CHE,-2.2,-2.1,,2.799999999999999,46.0
1544,1992,CHE,-2.2,-2.1,,2.799999999999999,46.0
1545,1993,CHE,-2.2,-2.1,,2.799999999999999,46.0
1546,1994,CHE,-2.2,-2.1,,2.799999999999999,46.0
1547,1995,CHE,-2.2,-2.1,,13.600000000000001,42.2
1548,1996,CHE,-2.2,-2.1,,13.600000000000001,42.2
1549,1997,CHE,-2.2,-2.1,,13.600000000000001,42.2
1550,1998,CHE,-2.2,-2.1,,13.600000000000001,42.2
1551,1999,CHE,-2.2,-2.1,,0.5,43.3
1552,2000,CHE,-2.2,-2.1,,0.5,43.3
1553,2001,CHE,-2.2,-2.1,,0.5,43.3
1554,2002,CHE,-2.2,-2.1,,0.5,43.3
1555,2003,CHE,-2.2,-2.1,,4.199999999999999,45.2
1556,2004,CHE,-2.2,-2.1,,4.199999999999999,45.2
1557,2005,CHE,-2.2,-2.1,,4.199999999999999,45.2
1558,2006,CHE,-2.2,-2.1,,4.199999999999999,45.2
1559,2007,CHE,-2.2,-2.1,,2.1999999999999993,48.3
1560,2008,CHE,-2.2,-2.1,,2.1999999999999993,48.3
1561,2009,CHE,-2.2,-2.1,,2.1999999999999993,48.3
1562,2010,CHE,-2.2,-2.1,,2.1999999999999993,48.3
1563,2011,CHE,-2.2,-2.1,5.4,-2.299999999999997,48.5
1564,2012,CHE,-2.2,-2.1,5.4,-2.299999999999997,48.5
1565,2013,CHE,-2.2,-2.1,5.4,-2.299999999999997,48.5
1566,2014,CHE,-2.2,-2.1,5.4,-2.299999999999997,48.5
1567,2015,CHE,-2.2,-2.1,-1.3000000000000007,2.799999999999997,48.5
1568,2016,CHE,-2.2,-2.1,-1.3000000000000007,2.799999999999997,48.5
1569,2017,CHE,-2.2,-2.1,-1.3000000000000007,2.799999999999997,48.5
1570,1960,GBR,,,,,78.7
1571,1961,GBR,,,,,78.7
1572,1962,GBR,,,,,78.7
1573,1963,GBR,,,,,78.7
1574,1964,GBR,,,-6.0,,77.2
1575,1965,GBR,,,-6.0,,77.2
1576,1966,GBR,,,-1.5,,76.0
1577,1967,GBR,,,-1.5,,76.0
1578,1968,GBR,,,-1.5,,76.0
1579,1969,GBR,,,-1.5,,76.0
1580,1970,GBR,,,4.5,,72.2
1581,1971,GBR,,,4.5,,72.2
1582,1972,GBR,,,4.5,,72.2
1583,1973,GBR,,,4.5,,72.2
1584,1974,GBR,,,-10.600000000000001,,72.9
1585,1975,GBR,,,-10.600000000000001,,72.9
1586,1976,GBR,,,-10.600000000000001,,72.9
1587,1977,GBR,,,-10.600000000000001,,72.9
1588,1978,GBR,,,-10.600000000000001,,72.9
1589,1979,GBR,,,8.100000000000001,,76.3
1590,1980,GBR,,,8.100000000000001,,76.3
1591,1981,GBR,,,8.100000000000001,,76.3
1592,1982,GBR,,,8.100000000000001,,76.3
1593,1983,GBR,,,-1.5,,72.8
1594,1984,GBR,,,-1.5,,72.8
1595,1985,GBR,,,-1.5,,72.8
1596,1986,GBR,,,-1.5,,72.8
1597,1987,GBR,,,-0.10000000000000142,,75.4
1598,1988,GBR,,,-0.10000000000000142,,75.4
1599,1989,GBR,,,-0.10000000000000142,,75.4
1600,1990,GBR,,,-0.10000000000000142,,75.4
1601,1991,GBR,,,-0.10000000000000142,,75.4
1602,1992,GBR,,,-0.3999999999999986,,77.8
1603,1993,GBR,,,-0.3999999999999986,,77.8
1604,1994,GBR,,,-0.3999999999999986,,77.8
1605,1995,GBR,,,-0.3999999999999986,,77.8
1606,1996,GBR,,,-0.3999999999999986,,77.8
1607,1997,GBR,,,-11.2,,71.6
1608,1998,GBR,,,-11.2,,71.6
1609,1999,GBR,,,-11.2,,71.6
1610,2000,GBR,,,-11.2,,71.6
1611,2001,GBR,,,1.0,,59.4
1612,2002,GBR,,,1.0,,59.4
1613,2003,GBR,,,1.0,,59.4
1614,2004,GBR,,,1.0,,59.4
1615,2005,GBR,,,0.6999999999999993,,61.8
1616,2006,GBR,,,0.6999999999999993,,61.8
1617,2007,GBR,,,0.6999999999999993,,61.8
1618,2008,GBR,,,0.6999999999999993,,61.8
1619,2009,GBR,,,0.6999999999999993,,61.8
1620,2010,GBR,,,3.700000000000003,3.1,65.8
1621,2011,GBR,,,3.700000000000003,3.1,65.8
1622,2012,GBR,,,3.700000000000003,3.1,65.8
1623,2013,GBR,,,3.700000000000003,3.1,65.8
1624,2014,GBR,,,3.700000000000003,3.1,65.8
1625,2015,GBR,,,0.6999999999999957,9.5,66.4
1626,2016,GBR,,,0.6999999999999957,9.5,66.4
1627,2017,GBR,,,5.5,-12.6,68.8
1628,1960,USA,,,,,61.0
1629,1961,USA,,,,,61.0
1630,1962,USA,,,3.1000000000000014,,47.5
1631,1963,USA,,,3.1000000000000014,,47.5
1632,1964,USA,,,-5.800000000000004,,59.7
1633,1965,USA,,,-5.800000000000004,,59.7
1634,1966,USA,,,6.100000000000001,,46.6
1635,1967,USA,,,6.100000000000001,,46.6
1636,1968,USA,,,0.29999999999999716,,56.9
1637,1969,USA,,,0.29999999999999716,,56.9
1638,1970,USA,,,-4.099999999999994,,46.1
1639,1971,USA,,,-4.099999999999994,,46.1
1640,1972,USA,,,2.0,,53.2
1641,1973,USA,,,2.0,,53.2
1642,1974,USA,,,-6.100000000000001,,37.8
1643,1975,USA,,,-6.100000000000001,,37.8
1644,1976,USA,,,1.6000000000000014,,51.6
1645,1977,USA,,,1.6000000000000014,,51.6
1646,1978,USA,,,3.0999999999999943,,37.0
1647,1979,USA,,,3.0999999999999943,,37.0
1648,1980,USA,,,3.1000000000000014,,50.0
1649,1981,USA,,,3.1000000000000014,,50.0
1650,1982,USA,,,-4.699999999999996,,40.3
1651,1983,USA,,,-4.699999999999996,,40.3
1652,1984,USA,,,3.5999999999999943,,51.2
1653,1985,USA,,,3.5999999999999943,,51.2
1654,1986,USA,,,-2.5,,36.2
1655,1987,USA,,,-2.5,,36.2
1656,1988,USA,,,0.9000000000000057,,48.2
1657,1989,USA,,,0.9000000000000057,,48.2
1658,1990,USA,,,0.09999999999999432,,35.0
1659,1991,USA,,,0.09999999999999432,,35.0
1660,1992,USA,,,-0.5,,52.5
1661,1993,USA,,,-0.5,,52.5
1662,1994,USA,,,6.700000000000003,,38.0
1663,1995,USA,,,6.700000000000003,,38.0
1664,1996,USA,,,-3.700000000000003,,46.0
1665,1997,USA,,,-3.700000000000003,,46.0
1666,1998,USA,,,0.20000000000000284,,35.3
1667,1999,USA,,,0.20000000000000284,,35.3
1668,2000,USA,,,-1.0,,50.0
1669,2001,USA,,,-1.0,,50.0
1670,2002,USA,,,3.6000000000000014,,36.3
1671,2003,USA,,,3.6000000000000014,,36.3
1672,2004,USA,,,-1.3000000000000043,,51.2
1673,2005,USA,,,-1.3000000000000043,,51.2
1674,2006,USA,,,-5.0,,35.8
1675,2007,USA,,,-5.0,,35.8
1676,2008,USA,,,-1.8999999999999986,,53.2
1677,2009,USA,,,-1.8999999999999986,,53.2
1678,2010,USA,,,9.0,,39.8
1679,2011,USA,,,9.0,,39.8
1680,2012,USA,,,-4.299999999999997,,50.9
1681,2013,USA,,,-4.299999999999997,,50.9
1682,2014,USA,,,3.6000000000000014,,35.6
1683,2015,USA,,,3.6000000000000014,,35.6
1684,2016,USA,,,-2.4000000000000057,,52.0
1685,2017,USA,,,-2.4000000000000057,,52.0
